url,page
https://www.linkedin.com/in/ACwAABNB5PEB9S6GDZHCVnAqcnU_fZBxdn8Z570,0
https://www.linkedin.com/in/ACwAABKIY7QBDKGCbGkxAvg9CllTfWF0ehiGWEk,0
https://www.linkedin.com/in/ACwAAAJMESQBQ7eLibQval0m9OkwdtMbltx4fwI,0
https://www.linkedin.com/in/ACwAAAoXfQsB-0K_sXzuF8qIu-xIXQT9zBNLPX0,0
https://www.linkedin.com/in/ACwAAAyu69IB1CixHGZJwaVKMsi2GXNbqAz6zeE,0
https://www.linkedin.com/in/ACwAAAiU6mYBfPeYOwTdWgAWIzOD4kKfBzf13S0,0
https://www.linkedin.com/in/ACwAABWl9DMBOmdH2SRlKxozzLKf3-dojWFBJH0,0
https://www.linkedin.com/in/ACwAAAGAyIAB3TSGIRa9BuH6KlGQgMauO8unvv8,0
https://www.linkedin.com/in/ACwAAAZvEFcBXAWbQp8ZWyoMx2oL5shb7iaEqbc,0
https://www.linkedin.com/in/ACwAAAbsQncBS7TZcwhQoA4_bfaf5-qAi4cJXow,0
https://www.linkedin.com/in/ACwAAAGQjpwByUPJQa2T3B8Xd-uVMfImgZKfrM8,0
https://www.linkedin.com/in/ACwAAAqHFS8BTvyoXxSGxcq0jfYD6atiY8Tc0Jg,0
https://www.linkedin.com/in/ACwAAADOWGUBcUGy2Fvl4U90JiIHXuiwX-cDScY,0
https://www.linkedin.com/in/ACwAAA6BREwBO2nSjNozlGs0eF1f7peHds80rg8,0
https://www.linkedin.com/in/ACwAAAAk0GsBQRjXUOY3gU3Y61FSFQXSWNrFVMM,0
https://www.linkedin.com/in/ACwAAAzxvYwBwZK_97hoLcNcV_8TLj0mrUGRUAY,0
https://www.linkedin.com/in/ACwAAANlPRoBOd33eEdM9uvL_B1_-SV3tKEACtI,0
https://www.linkedin.com/in/ACwAABXW4XgBvq_Z5naHuf2aHtkTjxVr2uPQSzM,0
https://www.linkedin.com/in/ACwAADa2NosB7gpiiGVSbHZsHXQIfZMJvoMq50U,0
https://www.linkedin.com/in/ACwAAAy_6VMB666ixGrZzXDnAbH8J5fyd2Hw_oM,0
https://www.linkedin.com/in/ACwAAAN3JKwBrrb8oZ1oUHjtUUdyb-HNUbUO6Hc,0
https://www.linkedin.com/in/ACwAAALw1XcBiqLjZfOQQAN2GbUdQqk5Fpr6dCA,0
https://www.linkedin.com/in/ACwAAAp793MBpFzR5DNiazoZcG0-j7SpW442ao4,0
https://www.linkedin.com/in/ACwAAASZxY8B6vtaYdeJokCi5RQaBm8j4ou22Zg,0
https://www.linkedin.com/in/ACwAAACdE9sBZpqWboe8w6RxyMewwK5c7VQ6z7k,0
https://www.linkedin.com/in/ACwAAA2tjnoBXIl2rQ2oZMrZWpBkVSnas4Df53U,25
https://www.linkedin.com/in/ACwAABx2xagBT6dIaep5TLACXXbODiqkkHKQjb8,25
https://www.linkedin.com/in/ACwAAAKOmIQBtjckL1L0B6dZaPD-zthWnJsaDd8,25
https://www.linkedin.com/in/ACwAAACQ_REB1_Ou4l9vWr3ssakx63502RzO-ys,25
https://www.linkedin.com/in/ACwAAAOEMioBg4Yxgot8uHr7eRW899Z4BG-zWZ0,25
https://www.linkedin.com/in/ACwAAAFClYcB9MoU0V46EYSmUAaXB2wFjbv-Ua0,25
https://www.linkedin.com/in/ACwAAAMydpsBvcCsoMO3jIKtD1E4s8cMUjGhMps,25
https://www.linkedin.com/in/ACwAAAN-kpIB3w58APJ1s527Vg_L6dsVpWy1e7E,25
https://www.linkedin.com/in/ACwAAC00pKQBGU5E8wUqx1mj-pfBNaPl2aXpuVg,25
https://www.linkedin.com/in/ACwAAAhV3PQBbeW3ODOLpIeT-MFa1wx_weLSvX8,25
https://www.linkedin.com/in/ACwAAAAqZFQBTplUO0-uHxn6lMnG-xdbFmErXrI,25
https://www.linkedin.com/in/ACwAAAVoKx8Bnc8uYipuiK_GXkLeRRNT5nihH7E,25
https://www.linkedin.com/in/ACwAABSGQWEBLmssPIxHgGxq6EKjiBY_EmvSGvw,25
https://www.linkedin.com/in/ACwAAAOs2UwB3vT6NC6Mc_4vWnwvaCGyJsXyOSo,25
https://www.linkedin.com/in/ACwAAAvFxMABol3OwsCAZ0c4nmwE-JpIBhzZoM4,25
https://www.linkedin.com/in/ACwAAAciem4BMz-JQf786yba_KkAaPzet1O4N_w,25
https://www.linkedin.com/in/ACwAAAHhPNABjP2UHdYlKKwU4ztRD82nT7GLVM0,25
https://www.linkedin.com/in/ACwAAAGPMD4BMHWxknCuQw3DX_aTlA2yjSPN7VE,25
https://www.linkedin.com/in/ACwAAAihhG0BD20HeStCnNCwc3ltJ9b-NKt0sFI,25
https://www.linkedin.com/in/ACwAAABISDQBa2OlDk7pLnyhWJ68hBt2jOwoJPM,25
https://www.linkedin.com/in/ACwAABCJiBkBb18oXehM4ZCRLSOB1HKJHupxtzY,25
https://www.linkedin.com/in/ACwAAA3a6-sBnvWncZNVZGTLve6C_UMHxyVqqhY,25
https://www.linkedin.com/in/ACwAAAdeGcgBYCcql_yFNsVP3np3BDi4kXEYcMc,25
https://www.linkedin.com/in/ACwAAAebUDsBhOBma8zRiJdJdtieAP4BStKb6uQ,25
https://www.linkedin.com/in/ACwAAAFhdTgBDiOTc7tP8QCG6RM6NRWhjQYsAR8,25
https://www.linkedin.com/in/ACwAABlSheQB_fEhDV89m_uR8sXnDwgyuRC1W4A,50
https://www.linkedin.com/in/ACwAAAExRSQBQuTaLuU65D53w9mNJkdV3yutuKE,50
https://www.linkedin.com/in/ACwAAAIedg8BdreO1Bdbv7Ix_ecgbWDawkW-ELI,50
https://www.linkedin.com/in/ACwAACYtzqsBDGtGktdLCF3-gAS_-16clO2HTuw,50
https://www.linkedin.com/in/ACwAAADk7iMBW27HoBxhUhAc1ztuqtHqztsdAhc,50
https://www.linkedin.com/in/ACwAAAclEzsBoWvPPDDl2_l9QSxU-9YY-U-kXhU,50
https://www.linkedin.com/in/ACwAADOn3vcBW6Z0c8YartHZTPwWck5Fv-JUHCI,50
https://www.linkedin.com/in/ACwAAAa9KHcBLTzMHyCI5h6DU0HLF0Gijbro2iU,50
https://www.linkedin.com/in/ACwAAA0HVbEBqBznj9f6mg9Ftsi8fQO2D0dL6zo,50
https://www.linkedin.com/in/ACwAABYht-cBBXaYM2eX9tWhWLFH-dLropSC85k,50
https://www.linkedin.com/in/ACwAAAAGEXsBv10JvJaFbhg6ZN2xYcbZo6J1g3E,50
https://www.linkedin.com/in/ACwAAAI25gYBPn6aP2h7dH2EnoFXzY6zpggk4Y8,50
https://www.linkedin.com/in/ACwAAAzKHSABPik39fAhpBQrpDtk3IX17i-5jcg,50
https://www.linkedin.com/in/ACwAAAe8K2cBBsyjKe3A7NiprQ6lk5vZrGEW8DE,50
https://www.linkedin.com/in/ACwAAAT4gUEBqI7JKR_Kt507SvVeDMmcBGDMJWg,50
https://www.linkedin.com/in/ACwAAAOT_0YBR-MzHh1HQrQ5DVgsfj8IRwOtLjs,50
https://www.linkedin.com/in/ACwAAAvdv14BoX96b9Q1l3mbbRFlnhXy2xwocDs,50
https://www.linkedin.com/in/ACwAAAM5FNcBwjZpRSA0kxIN56WBnjJaikd_lFg,50
https://www.linkedin.com/in/ACwAAA-2a8IBxHhFambAJSgmFBWFkp2-qz5vv_U,50
https://www.linkedin.com/in/ACwAAA9pKd8BLozBvGMtQkGiWNf0KAYSix8TM9E,50
https://www.linkedin.com/in/ACwAAAAVMocB7NcqMbEv6WDcZTjqMbg-plKNbz4,50
https://www.linkedin.com/in/ACwAAAAI-VgBnamKzIY-c2w3T_X2Yuy_lds5DWI,50
https://www.linkedin.com/in/ACwAAAb-je8BkkVBy0Q2LOeypBmrGd5rSGCjcAE,50
https://www.linkedin.com/in/ACwAAAR3KSAB4yduVIOGXUEnL3cRVLgkT006bvo,50
https://www.linkedin.com/in/ACwAABjv7X0B2HTBBWK_h7096A283MPF2k6qvm0,50
https://www.linkedin.com/in/ACwAAAbOUhUBdS08m7ebFH-nh1ymwXnUp-MCLJM,75
https://www.linkedin.com/in/ACwAAASZAxoBluBh9k3tc_bSDQDPlqp3UL2WV8c,75
https://www.linkedin.com/in/ACwAAAqkhegBBO95ZOkpAeG2TPfwT_hw_gTBMNk,75
https://www.linkedin.com/in/ACwAAAAi2AsB4K7Z7anQ3iOdnN2Nmqso7Y1SsTk,75
https://www.linkedin.com/in/ACwAAALVPWkBXjdPf4-5EOIbA5DZSON0B7ch8YQ,75
https://www.linkedin.com/in/ACwAABUTxycBjLFhbLQx0m0DS5CdNTfWMUU4-oM,75
https://www.linkedin.com/in/ACwAAACcYpMBMYAxY8cI6orqeGQAiZKtzV_Zeig,75
https://www.linkedin.com/in/ACwAAAC_W5gBJVGIGg81p759csqWvTWnq0Eotig,75
https://www.linkedin.com/in/ACwAABnsXXkBmqKT0Mqxfe_J1coZ4-R7xHc9sc4,75
https://www.linkedin.com/in/ACwAAAsdkqYBrVzsV2-YER1H8XcZBL2m_F7x7Gw,75
https://www.linkedin.com/in/ACwAAACsvJkBbnBRvIoEvD7OVCMEDu52mPE-UKw,75
https://www.linkedin.com/in/ACwAAArcDW0BnHtzTFkxW5M-QvM2AKGoNYq6gZY,75
https://www.linkedin.com/in/ACwAAAGJj1ABoZne2yQxtVjqWlVzKWs6qgFG22Y,75
https://www.linkedin.com/in/ACwAAAWHZiYBLZ508-nC6aPAPipAQKet47bTwIQ,75
https://www.linkedin.com/in/ACwAAACydNABvfz31UOC9_W44hYideWlQNaq0oc,75
https://www.linkedin.com/in/ACwAAAc2PEgBtcRn-gYS7CVEiUsmuwcnKfZz22s,75
https://www.linkedin.com/in/ACwAAAbtwkUBrknsHolqfVYjmWSb_d0v3qiGXcc,75
https://www.linkedin.com/in/ACwAAAAAPt8ByK5xiiH3Z4jMLpb0PujHVHKH7Vg,75
https://www.linkedin.com/in/ACwAAAC8mcoBUFvByB41w6RTNIpaKOXbOqFA4ds,75
https://www.linkedin.com/in/ACwAABfoaxsBFAY8N0C9DIY-daBnwFOUP-ERtVo,75
https://www.linkedin.com/in/ACwAAAHTTXsB1og5xs6IEvRy7rLgWdNDFNEhJMo,75
https://www.linkedin.com/in/ACwAAAMdlTgBTZbcTYOQNpDwtvnTQo9pADRJIIg,75
https://www.linkedin.com/in/ACwAAATP3bABFeN6Fq_8Xsh0ZKctCQlWLaK1w5A,75
https://www.linkedin.com/in/ACwAAABhIBgBPB0zNy2J9k-jn3X3iNZ-xRax5Og,75
https://www.linkedin.com/in/ACwAABEustABQjH99y8N2zH4k6uFen00XX6U9ZY,75
https://www.linkedin.com/in/ACwAAAbBhhABKgKgD7b9-bXI40qOr4uTLcvXOaM,100
https://www.linkedin.com/in/ACwAAAFI_2QBdkQSYKc_Dv6wV8_ZRmQ56StwcFA,100
https://www.linkedin.com/in/ACwAAAHUt0cBkgV6j2RGXWJlBN35SM5ntTib_vo,100
https://www.linkedin.com/in/ACwAAAC_9dEBbc71pGl3Ftwm_kv41QRvJ4rD2YE,100
https://www.linkedin.com/in/ACwAAAGge2gButTlI5erkK-RSlhiOGO3eCrEC-A,100
https://www.linkedin.com/in/ACwAAAYSPsoBEHnj10Uvv6V4jWEamWQKbH-cPEk,100
https://www.linkedin.com/in/ACwAAB2Z5h4BgpIpo2b7c7YtNH6CSTDgTeQPoAk,100
https://www.linkedin.com/in/ACwAAApfz7oBbKq-HcmnRdwxpbJ5FGqChEfyzaY,100
https://www.linkedin.com/in/ACwAABfHbT8BqzipC8ngbNiyjN_tntP-OzZCZnU,100
https://www.linkedin.com/in/ACwAAAOk6dYBp1tWnBEdrVRUIE6192eXx5r0kQU,100
https://www.linkedin.com/in/ACwAAAbxHRUBEpTUUG0Lx8JepG5vsCmw72hhhrA,100
https://www.linkedin.com/in/ACwAABOzhycB_l1liqu5Sj7uDCj4yrM6LCx7b2g,100
https://www.linkedin.com/in/ACwAAAPuR8sBg4uzfmsKsJDqXCK-vdH-jsNhEhI,100
https://www.linkedin.com/in/ACwAAAG6OTEBDZwApDXkI2ckptz6dicCMvH34rE,100
https://www.linkedin.com/in/ACwAAAM7DgoBetWNno8uyRgtl44l8iMmV60IA-Y,100
https://www.linkedin.com/in/ACwAABK9RkkBwZwl9vMnoLGevMeBkLtPUbJQh4k,100
https://www.linkedin.com/in/ACwAABWNnOoBfUUUi6WqoEZwS6xLWFH_nYrkLMc,100
https://www.linkedin.com/in/ACwAAANSuCYB1TNkGx1frlCZxz1y9eQuxxZ21UE,100
https://www.linkedin.com/in/ACwAAAHaKXsBXaee3wJ9rEPRqz5HtciCtiRE_JI,100
https://www.linkedin.com/in/ACwAAAAiPY4BnIMzRjRuRQzdH8NLpk1JcDrf9h0,100
https://www.linkedin.com/in/ACwAAABAVAUBF47hd_Es9_6n9t-a24BYEaC1cv4,100
https://www.linkedin.com/in/ACwAADdo2CkBHmS0-agine79icKB06GxtAKWjb0,100
https://www.linkedin.com/in/ACwAAACOlx8B1qIqIIKgdbTRVDxgttjrJVavF_E,100
https://www.linkedin.com/in/ACwAAAfQzbMBHlqTqxJH9DoPaGj4lye-4u9UBcA,100
https://www.linkedin.com/in/ACwAABCYxRUBjGTRMkmrmda217A6BYVEM9vly6M,100
https://www.linkedin.com/in/ACwAAAGC-UABZKIQaGLoRaqK25UoSKBEnh_5TP0,125
https://www.linkedin.com/in/ACwAAAImyOsBPVy9NA3sLGAad-JUweMbDy74RUU,125
https://www.linkedin.com/in/ACwAAAYfBSsBFfD6-6et9zv8FWvYPZRgzYVYHnM,125
https://www.linkedin.com/in/ACwAAATgZKAB-IN5OTvTyy9vfCiRmdugdXSivY4,125
https://www.linkedin.com/in/ACwAAAmhD9YBihPkDvBdD-w34503M5EmsYwTyPw,125
https://www.linkedin.com/in/ACwAAAaCwgABtlzNG4k5LI2hab4X9Xtc483CUKQ,125
https://www.linkedin.com/in/ACwAABZYc2MBcRz8Ty4NhcSO-gcqh4R7Qd1KZQQ,125
https://www.linkedin.com/in/ACwAAAB8qXIBXqjmo33Q3bC1HLfU2WInIuxgfDw,125
https://www.linkedin.com/in/ACwAAAIy6f8BRh2yU0PU8eWc5DYWn-CABfD40Aw,125
https://www.linkedin.com/in/ACwAAACwSHMB44qSptZwtKytiQBIafzP1TQQsIw,125
https://www.linkedin.com/in/ACwAAAad_JkBbvqRCbT3bZuRmVscpsnk5UlvjNY,125
https://www.linkedin.com/in/ACwAAAMu1CIBOsmEIEftVHg-g0M5TK2s9UvDWVs,125
https://www.linkedin.com/in/ACwAAAVsV0IBZz61pm3nzQhVAYLZke9Y_F9ZmcI,125
https://www.linkedin.com/in/ACwAABjTNl4BoGQty1bQ45fiW2yTwPRus8nlr7o,125
https://www.linkedin.com/in/ACwAABXh4tcBAZZCEgkWEwQTwrJ2BQIySG746cw,125
https://www.linkedin.com/in/ACwAAAx9dOkBOSFqfAiG8DplZCHPPMuJLttN9w4,125
https://www.linkedin.com/in/ACwAAAFzscUBJYY7n5U82DWJH3iZEGUoJpecNGo,125
https://www.linkedin.com/in/ACwAAAH5Xg4BqcLDFsoW36Yt5urd1Etc-H7NVOU,125
https://www.linkedin.com/in/ACwAAAMJjtQBXqH4iyIJ6U0LLWXzjU2nQsxVxlo,125
https://www.linkedin.com/in/ACwAAASsrh8Bt8I4DMpDyOT7DdEBf_jJKMxlHmU,125
https://www.linkedin.com/in/ACwAAAAomJUBHRMa8KgrbZTsrHuZlpg2e3D7dWA,125
https://www.linkedin.com/in/ACwAAAS4qCoBA9rqLjmUmYisTTVieDFzsa6nQ50,125
https://www.linkedin.com/in/ACwAAA0Eb4EBqolIW79KTpcTKT5AwDM3ofCSXMs,125
https://www.linkedin.com/in/ACwAAApsfkoB4aF1O-zESwbMNSV3N16U3ZXEaCw,125
https://www.linkedin.com/in/ACwAACNHd8EBVJbdBE9PeJbZJ5iaNyyAdD0Nu2w,125
https://www.linkedin.com/in/ACwAAAm8lE0B25irHASeVdZmAZVzIYuRmaMZXdo,150
https://www.linkedin.com/in/ACwAAAQ6VWkBEwN-vIfge16ana5tb--KNXdIhJw,150
https://www.linkedin.com/in/ACwAAALYXHgBCdoCgCYp5k4_9Bj8wbxJRGECTcU,150
https://www.linkedin.com/in/ACwAAAQT3okBZiNd4nERADXNmd3jnkhOwZafG_k,150
https://www.linkedin.com/in/ACwAAAPZhoYBNnvlhymViUDD7uX6nGnjK0tc-Y4,150
https://www.linkedin.com/in/ACwAABl4Ao8BdC0WvVgxwGU5rNt7D_AcmTBXUY8,150
https://www.linkedin.com/in/ACwAAAEJ9h0BhBvOkHBr5zHhEaaDy3oO76Z8Y20,150
https://www.linkedin.com/in/ACwAAAGNfxoB1mpvwkyJ_u2-5-_7yYxVZm9pFRY,150
https://www.linkedin.com/in/ACwAAAew68EBlrB-xEw0tgWPCe_yHC5eF-wcrc0,150
https://www.linkedin.com/in/ACwAAASzIRIBEoybH2_2fSbcw4ciJErF-mnPm2Y,150
https://www.linkedin.com/in/ACwAAADJk6EB1DOGncND8GIMVgKWc2r38da_fDw,150
https://www.linkedin.com/in/ACwAAA7byyEB3Ydr7AXRRn0SP8I-Funwz3TOrQA,150
https://www.linkedin.com/in/ACwAAARsWswBnwmGvckiCMcHOSZ0AtZ4RrSLofc,150
https://www.linkedin.com/in/ACwAAAJQGfQBX3fDxh4WcD6PqYaZSLfqLLKyWMg,150
https://www.linkedin.com/in/ACwAAAed3pgBsN0FMJ1zTA34NhREqGv5zzKM9R0,150
https://www.linkedin.com/in/ACwAAAWOsw0BcDYIgz4XVVPZ9x1eENvBzNFyy1A,150
https://www.linkedin.com/in/ACwAAAAFDJIBafvjNO5izv2OPNwksQv1ThoK8Vs,150
https://www.linkedin.com/in/ACwAAAB8AkMBURygbyGRyEG4EzoqCd0n6zvavjs,150
https://www.linkedin.com/in/ACwAAAu8ADABCrsNZOEEY4W7noC7zbqxdDz-fkY,150
https://www.linkedin.com/in/ACwAAAOUEZ4BzCkOb2SWX8fdLJd0y5occHHidSY,150
https://www.linkedin.com/in/ACwAAA1iFGEBWIpNl8OG3k0CsLJG3cPAtNudBCI,150
https://www.linkedin.com/in/ACwAAADzcr0BSJXheMbPLlCEr2Tc97LB90LUpjg,150
https://www.linkedin.com/in/ACwAABDhMPUBpj1E4yRKp6bXMtS244kqvwWkvi0,150
https://www.linkedin.com/in/ACwAAAyZQAwBbLj7TrvN3jpZzg98mlO1MnhVBGA,150
https://www.linkedin.com/in/ACwAAADDWWMBShioZ9Vd9JzhBxBJBxJDHujQmDQ,150
https://www.linkedin.com/in/ACwAAAiB5KcBRyvKrLEE2lrANIRduM1lwxgs6o8,175
https://www.linkedin.com/in/ACwAAAWyNZkBB_qWtvy8FsxXE2cPdA_TVNdOmJQ,175
https://www.linkedin.com/in/ACwAAADRQrkBqnuzrOawz1m8n_3qHVryRdOVO4c,175
https://www.linkedin.com/in/ACwAAAxkLaoB6UEBaAvKYUn03RR3xg3MHwqLtrE,175
https://www.linkedin.com/in/ACwAAAiot9IBm9vLqnKYWnLPYdwjKjlV8tvyk1I,175
https://www.linkedin.com/in/ACwAAABRlzUB1l4fBUs8pKyq1RAqEoWGM34libM,175
https://www.linkedin.com/in/ACwAAAio54QBPcNeHf-hpaZ0LNQnye9cRV_T7W8,175
https://www.linkedin.com/in/ACwAAABBZGMB-8cmavonGPMJjSbUeiz_C_z9ByI,175
https://www.linkedin.com/in/ACwAAAmqPYQBaGfr2WAzxK2yuv8mqaQn4Lv9EkM,175
https://www.linkedin.com/in/ACwAABfnRkwB1qjB9MQPNvti7p3ufPzikNRGjKs,175
https://www.linkedin.com/in/ACwAAAv7qPIBq7k--6eIywiL6fzUbnDtLo58yyo,175
https://www.linkedin.com/in/ACwAAAg5St4B6_3o7G6A_2yDpjNdlejawPiz2Kw,175
https://www.linkedin.com/in/ACwAAALocpEB2Zgd_f2TI1fzqaGgt_Xn8Q6TUtI,175
https://www.linkedin.com/in/ACwAAAbFU3ABHxKkLA6dsGfAz1FOeolXBNtZVQg,175
https://www.linkedin.com/in/ACwAAABJWGEBZ72Fe2MYhQMobFAefGHdiiiZx_E,175
https://www.linkedin.com/in/ACwAAAMR-ZwBu82c0lz21uKfZhLFKNNCGBsW--k,175
https://www.linkedin.com/in/ACwAAAPB4rAB13b7XU6yJmup2T_sJAtyQdHmCA4,175
https://www.linkedin.com/in/ACwAAA-rM6MBBFRZ7Olw8R2bpDwcehHrv0PJxiE,175
https://www.linkedin.com/in/ACwAAAeMJHIBS7mcxBOqd2NipjavnxfTopCN1Bc,175
https://www.linkedin.com/in/ACwAABvw8rwBfeqrw4-vhpO_PCMOoFpHw0ABmwY,175
https://www.linkedin.com/in/ACwAABYPdAUBVL8NbWiFeFdbin2K1IZ92SCCpe8,175
https://www.linkedin.com/in/ACwAAB9yXf4BxGiSc1kJNKL8zm2DDMJWysxe00I,175
https://www.linkedin.com/in/ACwAAA7hoHUB_Se9OH1kllDsjOpNK8s8KVDTxhE,175
https://www.linkedin.com/in/ACwAAABAEkQBomu835Rdzngdk6kiDMO9GcsD1jE,175
https://www.linkedin.com/in/ACwAABRZV94BoavZH71FdigW0zHWj3P9_2dKyFI,175
https://www.linkedin.com/in/ACwAAANKJc4BO7UJ2ecnzwbizmbE5szjCfjdNW4,200
https://www.linkedin.com/in/ACwAAAi2_rsButkhez5GZFh96ENla6-mwAYU224,200
https://www.linkedin.com/in/ACwAAAHVpjUB_DfSKR2KFfX5EPWd7vCq-HDRo6s,200
https://www.linkedin.com/in/ACwAAAlohpkBjjCQy2SnM_z_LYp4hlPOO4QwHLw,200
https://www.linkedin.com/in/ACwAADX2bJQB_HolRWCPJ9ZBLkYsI1jFk_fDygg,200
https://www.linkedin.com/in/ACwAAABYeLcBLKL27jbrwer4r_yeciUW69DgfRk,200
https://www.linkedin.com/in/ACwAAAf7WVwBR9y_gcfEza3mEH4C0J_kX190BOI,200
https://www.linkedin.com/in/ACwAAAQjOqMBdi6ChPrHj8YBVSTlxi4ee1DPQ0g,200
https://www.linkedin.com/in/ACwAAAE8EucBh1tSZrnvEPLUvu4pnJnsrPyG5Ac,200
https://www.linkedin.com/in/ACwAAAf2oOUBReBzhBxgZY0iSHiQ_x-OCSJAaKw,200
https://www.linkedin.com/in/ACwAAARpKJQB-vjcsT3Az4DQ3uSYgUM9nOakBtQ,200
https://www.linkedin.com/in/ACwAAAGzEjIBPrvgZQhiYC7h0Nw5RnlOYd2GbNE,200
https://www.linkedin.com/in/ACwAAAuV58QBT1O4o267xfFxmCMT6zSJrzgVM10,200
https://www.linkedin.com/in/ACwAAAHR_r0Bd9mMAH-a4hLhYKdpuNunO_Mx2I8,200
https://www.linkedin.com/in/ACwAABLzqAsB9ePdQcpKKWD51hXQfV7wWJcPfEw,200
https://www.linkedin.com/in/ACwAAAq5bvgBE9jIEr7RSMoKKm7ZgCKKTQJ6CZk,200
https://www.linkedin.com/in/ACwAAAP3mNcBvu7Ct-3r7FJtrH8xxjQ_xr23xrg,200
https://www.linkedin.com/in/ACwAAAsCFPkBRgEdr3nX8kiglZk08pTRgQM6w3E,200
https://www.linkedin.com/in/ACwAAAG1F18BYYILqXeAA0ZvsY2NdXN5FTjTZ6Y,200
https://www.linkedin.com/in/ACwAACGPVo8B5h4-GLtdBj0K-9bAHCHvfmdZp4s,200
https://www.linkedin.com/in/ACwAAABmVXIBfFV1rJ4HLiJK2XWmkiOCZWTf7EY,200
https://www.linkedin.com/in/ACwAABRyr9sB0s60cyQT6r7ZZxOBrBqYL39I3XI,200
https://www.linkedin.com/in/ACwAAARSBiIBL5PwhgnThhyKXKlkGmc9Z8f-92w,200
https://www.linkedin.com/in/ACwAACxtm7EB6SKIiAOiCHLjTJXQ0MTcC7ksgLE,200
https://www.linkedin.com/in/ACwAAAnkAwUB0FNo2va47C_Z8CKK7W3Sc2ap0iU,200
https://www.linkedin.com/in/ACwAADXFQhgBEWoPdJN2iUrDjZbt-Bqszf7dai8,225
https://www.linkedin.com/in/ACwAABIiE4wBYkL2hXLl4rGo60MQkUAvlmO6lW0,225
https://www.linkedin.com/in/ACwAAAi5_fMBWUO33gmRES-eaiJUNuWYLGkqf-E,225
https://www.linkedin.com/in/ACwAAAC1oAcBFO312R1oLDzwcHPeiGfREywUgM8,225
https://www.linkedin.com/in/ACwAAAJ24-ABdnBswdwgxV4-uD8-PRnj-sJi1_0,225
https://www.linkedin.com/in/ACwAAAEas1ABGaqwQ58QadSRoojDFmWpj0_xT08,225
https://www.linkedin.com/in/ACwAAAdI4_cBfvHd4cXOxbszT_VsxlBPuxpB1XM,225
https://www.linkedin.com/in/ACwAAAFivfYBsx1vDrwsOnBKPZ-EIybpOlNHeG0,225
https://www.linkedin.com/in/ACwAAAUkvuYBl1pABH08LeABHffl5mK7l7so6Pk,225
https://www.linkedin.com/in/ACwAAAED4wYBScnamH10inCqwBR86PxEP3x-V4o,225
https://www.linkedin.com/in/ACwAACOSJ04Bq1nHtI7mFo8poldTsMNV-JrJ8yE,225
https://www.linkedin.com/in/ACwAAAT282IBptr2eE3EheLpSM5n_8gSpVPXpEY,225
https://www.linkedin.com/in/ACwAAAGUlv4Bc2halAqEbc7TsQ7usBcHjNriKZE,225
https://www.linkedin.com/in/ACwAAADgsbABTP3Y7UpraoHDdE7A3dri1EqL7Qw,225
https://www.linkedin.com/in/ACwAAAAAztgBoEVLw5dVw9GFoxPcS1CckEAicKI,225
https://www.linkedin.com/in/ACwAAA7HGRkBqMPlIrP9vNQb3TVsXURn3iXW_J4,225
https://www.linkedin.com/in/ACwAAAAJ_iYBa2wHNaGdCJc5TDtLeuE7E88Figs,225
https://www.linkedin.com/in/ACwAAADzaPgBNOy6jR56DTW8wnuKRi5vnrGYz1I,225
https://www.linkedin.com/in/ACwAAAMSxfYBtXXEx4w8OBBmc88cKXITKM9WK8U,225
https://www.linkedin.com/in/ACwAAAepLeIBTcFSqwox9ZN1-Jdpgc9Fobi3seI,225
https://www.linkedin.com/in/ACwAAAconi0Bfj2iRu-hlBCT9fXaktHYgHSVtsw,225
https://www.linkedin.com/in/ACwAABlfc8UBln7j2fmb1KC_0FkpXltDyQE7tZY,225
https://www.linkedin.com/in/ACwAAAwoIG0B91uyoaQOQr3YL5J0LdToLPcEHuc,225
https://www.linkedin.com/in/ACwAAAxR6HoBrfCSjKCygThIz8o-YSfPV8D_9ys,225
https://www.linkedin.com/in/ACwAAAEwoKYBUcUTYN4cB-p8TzheJ2zqj-Y3rts,225
https://www.linkedin.com/in/ACwAAAY1sDYB59cR7V_8E9T7Ds5tTGdU4dKm_Bk,250
https://www.linkedin.com/in/ACwAAA5m23EBJM9973hjyxO9aQAPO7T0bj3l16s,250
https://www.linkedin.com/in/ACwAAALyKtIB1bsM5SKGnwEFzhjGdr1hN9SCNNY,250
https://www.linkedin.com/in/ACwAAAAdlMkBSyzdsrNvhuP-gE6wRRNPcQDsNKE,250
https://www.linkedin.com/in/ACwAAAlMAj0BjRqMat7PLFyLryEUaUsQIexGd2U,250
https://www.linkedin.com/in/ACwAAAvPuWsBC1kqPliVCzhTZixV80B4cxqfVVw,250
https://www.linkedin.com/in/ACwAAAND8nABskG54XOdkWJNo3ww4v3dA0RGRYg,250
https://www.linkedin.com/in/ACwAAAAkhuABwxRY7g94j9z-V4QTchcdTfV8-xQ,250
https://www.linkedin.com/in/ACwAAACBayoBaO4cvj3AObRKIse-om9MWTCrSCo,250
https://www.linkedin.com/in/ACwAAA4K704BH8DjxHxyzViOXcEiNizVu6_Jhrc,250
https://www.linkedin.com/in/ACwAAAlb2-0BPy7Ke3DA7zd-rFO03WjhCK676ro,250
https://www.linkedin.com/in/ACwAADHngEcBIMqfzMeXC7i2M7QuGm62p-5Jvks,250
https://www.linkedin.com/in/ACwAAAi2lUkBtPP7u6-G6to4kP-un7VdgLrfis0,250
https://www.linkedin.com/in/ACwAAANMdzMB-P7YLLZ-C-iRZqp-wgicHKVPzZw,250
https://www.linkedin.com/in/ACwAAABeCMgBS8B13X0Ds1lD0nrnnTAUOlp9X0I,250
https://www.linkedin.com/in/ACwAAAhCVQIBC2iardVbiK37Quc8bLOHSyORRD8,250
https://www.linkedin.com/in/ACwAAAWoFdIBWx_RS3vQuGdj691ksyG4OYp5PJM,250
https://www.linkedin.com/in/ACwAAAEWz4oB9dRNI4N5QY-2kwLbWAQAxWUbB-E,250
https://www.linkedin.com/in/ACwAAAd0r5cBhea_mlsB1l-Top_XV7SSI9HT4uk,250
https://www.linkedin.com/in/ACwAAAi9lvgBngwb-Yhh9O7QAw2vCnsPDvTUr2k,250
https://www.linkedin.com/in/ACwAAAeuu44BYgajEWnkEq06yw2flUl9Nlj798w,250
https://www.linkedin.com/in/ACwAAACXB6oBYuFHZNuVYZvkGc2oqYZZ3GY0ngE,250
https://www.linkedin.com/in/ACwAAALFX3QBhxJE4JB8X4nXDA_DTvMpCvx_9N4,250
https://www.linkedin.com/in/ACwAAAGs3d4BHlzMYbeVLHjCCBjDNXvDaauLHuE,250
https://www.linkedin.com/in/ACwAAA21gE4BH5K4lwfKTR5wuYb7cEfhHNn7zxE,250
https://www.linkedin.com/in/ACwAABW-774BRSNVAk5-CmKihRASXZin9J6YijI,275
https://www.linkedin.com/in/ACwAAAelnGkB5LWIF7MGfjVWczVj932Y5xZGb0U,275
https://www.linkedin.com/in/ACwAAAEz198B49NjO9S0OW-A2-cXKSkbQIhrd4g,275
https://www.linkedin.com/in/ACwAAAPNOHoBtxRrJatwVMKnAXuE-JGsjZLztks,275
https://www.linkedin.com/in/ACwAAASHIw0BsgzZR7ldH_AsPItXAUYGdXGrWnc,275
https://www.linkedin.com/in/ACwAAAK0XWoBtDuO6EWrRNxDbzWx-qpWsaaTFu4,275
https://www.linkedin.com/in/ACwAAAYbdT0Bhnk4saVgXMfk-cOSnYxQHwgb7rs,275
https://www.linkedin.com/in/ACwAABb-_1IB1HCL96M8dZ2A_43YwcRgIlaFtlQ,275
https://www.linkedin.com/in/ACwAAAZmCIgBn3l_DcGGDguYONBgdDP64rC3F98,275
https://www.linkedin.com/in/ACwAAAW199gBU8r4xWrX1A7GjmgYz_jeGDHqcpY,275
https://www.linkedin.com/in/ACwAAAmVAP0BFKDDrb4v-rDAQgxzXXRMzUAtaVA,275
https://www.linkedin.com/in/ACwAAABn2DUBme5oX4g543l-e-ZTWxv5u0A2-0o,275
https://www.linkedin.com/in/ACwAAAZT6z8BK459qMgCQyV4avsDVR8pe2-QWpI,275
https://www.linkedin.com/in/ACwAAArHZboBe8wpUZQVLAjfHLWVPxEjyuRcybU,275
https://www.linkedin.com/in/ACwAAAL2CqsBfsEkA9ZRLQz9MYfOIWdYhqVoRpk,275
https://www.linkedin.com/in/ACwAAAQFSkEBlcl-KpCt7JLdiHhJl9PbtuJ7doM,275
https://www.linkedin.com/in/ACwAABkC89gBflG5juZvSACxRpKXKq8VGGdy1-0,275
https://www.linkedin.com/in/ACwAAAP19Q0BEv5gX8Sb8GuJFCNt0bg80vhcVBY,275
https://www.linkedin.com/in/ACwAABgtWRUBCZRVnWr3p45AXfnRs23_tsthIiw,275
https://www.linkedin.com/in/ACwAAAWeh9oBmYC0aahBInTDwuLEdHS6OvpYBmQ,275
https://www.linkedin.com/in/ACwAAAGzr3wBBuL1emOwWknCUu6HuKhDtkOY_l8,275
https://www.linkedin.com/in/ACwAABhCPmIB1nXLSHMmQG9Vop6yMYjOLI9y0Zo,275
https://www.linkedin.com/in/ACwAAAAvX3oBKF6G3RI2ut6ExBChTOvxfak0gSM,275
https://www.linkedin.com/in/ACwAABqSp4YBc_H5u8jVJPwA_nXK6IWPJsPC_xw,275
https://www.linkedin.com/in/ACwAADbOdowBcF35dG8134u60Qgc9FHaBEYAw6E,275
https://www.linkedin.com/in/ACwAAAH_lLsBmg17e_WgusHhPZUPSeTzmRjEDOQ,300
https://www.linkedin.com/in/ACwAAAFC03wBN6pQ5vUC3EYGxjuU6ERHXj6RH_U,300
https://www.linkedin.com/in/ACwAAAIP7U0B0ssNNl_OmrjfNDTzWmTl6yxQZro,300
https://www.linkedin.com/in/ACwAAASK8McBSstD6sr1m1Wcr2hUqS00XuwAfeA,300
https://www.linkedin.com/in/ACwAABgZzK8B_1AfEpUm6LgpumInjq1wSqGiYPI,300
https://www.linkedin.com/in/ACwAAATjK6wB-mfpWzoJ0oRIquD3_zon9Ghm9Wg,300
https://www.linkedin.com/in/ACwAAAMaHe8BBjs6p3gkcSgdZJJpkDb6msWZckQ,300
https://www.linkedin.com/in/ACwAAAuHAZ4BAsYseOLoOMka3C8jbhdxF-dt94E,300
https://www.linkedin.com/in/ACwAAABO2KkBPKQa0nPk-CgNYJAG7ENmVfE3-3U,300
https://www.linkedin.com/in/ACwAAAp8e-YB7urzvXlZzKP0U3MoE5rCMt4H5e4,300
https://www.linkedin.com/in/ACwAABWZnmcBQZ5oarWvqmS-O4pEfxO7Zm1ttTY,300
https://www.linkedin.com/in/ACwAACp5C7EBcjudJ21FtFDIQEdcFZalwGbHyF8,300
https://www.linkedin.com/in/ACwAAAGFF70BgR1nrUFXbxHLyu-23cWQIkB8h2c,300
https://www.linkedin.com/in/ACwAAAXEWJsBPPWexm2Jys8BIfv6PFeL2wpXsyM,300
https://www.linkedin.com/in/ACwAAAEK5owBV7eopeucpVWAV0zf4qJwChAfNrQ,300
https://www.linkedin.com/in/ACwAAACwhucBpSnQGObVVokgCgqxWmMQtKlnV3E,300
https://www.linkedin.com/in/ACwAAAluL6cB1YvDqEtHy9NX1QMI1Sr22YKI1T0,300
https://www.linkedin.com/in/ACwAAATGHL0Btywji9EIst0V76KcZ8bDk7d5E0A,300
https://www.linkedin.com/in/ACwAAAZbg00Bv9KeurWitPfjqQ94wO5rYWImsRU,300
https://www.linkedin.com/in/ACwAAC8vak0Bj27qKXFj7RRgJefG7Jzu-nPMgKA,300
https://www.linkedin.com/in/ACwAAAUAQoMBz7C5g_aHfVZTmcFnwr-7ix6BsAQ,300
https://www.linkedin.com/in/ACwAAAAN8wEBpS6RgU1GsQgXEvI-TdEwilT6HCY,300
https://www.linkedin.com/in/ACwAADnD_8IBU0orH69qkRCvGrZ6OjX6Dd704ms,300
https://www.linkedin.com/in/ACwAAAmyO3cBV7mMwgZUgC7wS4sGeLLRoU4anIw,300
https://www.linkedin.com/in/ACwAAAP3QmUBZvqOIyo5IsvKexEdVN7HtbzsTJA,300
https://www.linkedin.com/in/ACwAAABA8HwBRxk8i5YxLkGTDi57PbUpfwvbwZg,325
https://www.linkedin.com/in/ACwAAAMrwtIBAQ5EtHAij_B-N1ft5Mu2p-NSEoE,325
https://www.linkedin.com/in/ACwAAAQML5wBUcrTsc3b449Jy7x8SP6O-Fed3ok,325
https://www.linkedin.com/in/ACwAAAUK694B5hmrojbqcCk4Ot74Z6iY-JZDLaM,325
https://www.linkedin.com/in/ACwAAAaI8A0B56KPFZPQ_XNBZJpk_hpVRLkYltg,325
https://www.linkedin.com/in/ACwAAAJvGjoBd_tkxzxEJAfbanzbIYyFRTRNank,325
https://www.linkedin.com/in/ACwAAApjL4oBGi37XDopCzDOTemHBsWfH7QKwl0,325
https://www.linkedin.com/in/ACwAABjMAz4BLp21Nr3katbhM3wWvWs-XkDXiXA,325
https://www.linkedin.com/in/ACwAABM8ah4BH4W0mLGi3Fkq_BIJu0M9tIgzVTU,325
https://www.linkedin.com/in/ACwAAAue1LoB1kzDXHWHsANtW3CdD_7ORNRucDg,325
https://www.linkedin.com/in/ACwAABXB0cMB5RDb_Ea_kfDEp6CknGcFkManWis,325
https://www.linkedin.com/in/ACwAAAMV6mwB3xIIFSgvCsxx54thr4YA1IXmB9g,325
https://www.linkedin.com/in/ACwAAAGh7HMBIpCKmfq6TesTpmHLPKrIzysTyL8,325
https://www.linkedin.com/in/ACwAAAkj138BqGM3ZkyGiBJAU5YXNytO04Xc7LQ,325
https://www.linkedin.com/in/ACwAAA8J1msByXnvR336MpkR8cvF8EL8tXtEt3g,325
https://www.linkedin.com/in/ACwAAAsVEN0BxpIKUNbxC-oDZ2RsNNNzRn2Yga0,325
https://www.linkedin.com/in/ACwAAACDr28BkrT-qDyXWkXDzO1Hxv0scxoux_I,325
https://www.linkedin.com/in/ACwAAAr4Jm4B0hDq22uZPPnolJago_6vcoIAa10,325
https://www.linkedin.com/in/ACwAAATgfrIB0-j7QgBL-yXNRFsXe9j5onjFyos,325
https://www.linkedin.com/in/ACwAABBgd6IB2JunY1mQi9qBuJb5qDmDAWHOYEU,325
https://www.linkedin.com/in/ACwAABrHS3gBd_iAfbO3QCvSyfLq7zWQcivX55Q,325
https://www.linkedin.com/in/ACwAAAE9icwBUqVns7BzOK8BWpyjpS4MJm19vsc,325
https://www.linkedin.com/in/ACwAAASVD74B2q90lUAWVpxO_hxDLxVZmQCb3Ek,325
https://www.linkedin.com/in/ACwAAAul9lYBOe9sDEPr2WcGNLlLY_4fzI4epUo,325
https://www.linkedin.com/in/ACwAABYMeKQBRaSN47pS5gRgdmPAapgxV4GJy1U,325
https://www.linkedin.com/in/ACwAAAfE9vABpR7XOO5lTGkdRRJZZgXPD9Ali-I,350
https://www.linkedin.com/in/ACwAABzDCKMBv5yESmPemWkK_GAoHNUgzqVslEo,350
https://www.linkedin.com/in/ACwAAAlj7UgByQ03OUgWsWdD-xBT-7rR8NmUoOg,350
https://www.linkedin.com/in/ACwAAALrEW4B_NMBc7phdgZ7fYTW1CYQgJlxjwE,350
https://www.linkedin.com/in/ACwAAAFijTkBA1UXylKqvPS-VHl-OmGZkMmoLCg,350
https://www.linkedin.com/in/ACwAAAP3h-YBAJgXFQSbAgvu2aFH_E9oYnvvwjk,350
https://www.linkedin.com/in/ACwAAAKkbHMB3mhdx-RpRVyoWr-xtmb_cJhxUYI,350
https://www.linkedin.com/in/ACwAAB-YpEoBhABaAk80UMOjiFEiSPmLXye9DJ8,350
https://www.linkedin.com/in/ACwAAAL74UUBPfWMDlWMg-qjbdehsglbEUb6tpw,350
https://www.linkedin.com/in/ACwAAARvhYUBKSN5VfbbERqMG1MPY6weRnFJ1Sk,350
https://www.linkedin.com/in/ACwAAAScRW4BhyG3gkjf4QRVpWVuUsZrjDGO_wA,350
https://www.linkedin.com/in/ACwAABZQV3IB1cs8Rol9nZZ09EPOoqG1ZQ__5lY,350
https://www.linkedin.com/in/ACwAAAj-EKoBUQN_AdkGdUSjAhEpEMaSd1Z-V2o,350
https://www.linkedin.com/in/ACwAAACNfGgBuJFnZCF5JKaVUinm1ofxxkBZktk,350
https://www.linkedin.com/in/ACwAAACyGs4BlQDf7LeB1rpuitrEyfXNgjfcnnc,350
https://www.linkedin.com/in/ACwAAAHhv1wBMmLmbgN2jWHzEVLZRp4ZvjxCbqU,350
https://www.linkedin.com/in/ACwAAAawq7oBrapbQs1deTGoOsU1Moxi-ddxC-w,350
https://www.linkedin.com/in/ACwAAA9ZmrkBbp4YSRHfgMvC5Yb20lxevcDPDMs,350
https://www.linkedin.com/in/ACwAAASl39YBb8GRHcqk-nGGGVCvhNgmoCskan0,350
https://www.linkedin.com/in/ACwAAAfjxWsBkN9BbOjPldN2wAB3u5dZDOVPg_0,350
https://www.linkedin.com/in/ACwAAAAIFb8BjGvoh8e2UwmdZiOzatFaXSAy47M,350
https://www.linkedin.com/in/ACwAAALHYDABamixkb_2VR2lxGPF73rOSSndHA0,350
https://www.linkedin.com/in/ACwAABKaV8QBK3qsToWGY192kefx6rKb8Xenlmk,350
https://www.linkedin.com/in/ACwAAAVLdaUB3_HTm85ZJY6qVprzYVzp4IFyOSw,350
https://www.linkedin.com/in/ACwAAAi1PYABXC_4uv3dfj789umWYvY3GDKmpJg,350
https://www.linkedin.com/in/ACwAABGoTKMBkB5FyCXD3Qqh78OWOp08HfnjvQ4,375
https://www.linkedin.com/in/ACwAAANdxf8BLZSTggteo_02CiArqQLQbZSwRbI,375
https://www.linkedin.com/in/ACwAAAXnpMsBa7WBjvy0l7GF_NSHYSORFHZTh9E,375
https://www.linkedin.com/in/ACwAAAJ_nHsBfVBr2XzRf0kET02PYsUPWQItuOM,375
https://www.linkedin.com/in/ACwAAAgNoWQBe8Hu54XXI3GC1WYmaOcz2Mhfbks,375
https://www.linkedin.com/in/ACwAABLTjy8B--2Kd90krhcA9Bd9_8Hq11JZrJA,375
https://www.linkedin.com/in/ACwAABhXNlUBj6_VzAjTYIWweJ00FpJDi7Ocqdg,375
https://www.linkedin.com/in/ACwAABB8zY8BD-EZv5fZM5O8jHW1Pm0Zk3GyYlo,375
https://www.linkedin.com/in/ACwAAAG0PDMBZQ1_r7UCRADvEq3KN7nxodgXKL4,375
https://www.linkedin.com/in/ACwAAAE-LCEB_6OQRsQEiTAnEh9x8T85UVsvhPk,375
https://www.linkedin.com/in/ACwAABnLRh4BTln4Re0gi-Ak0CVhV7IGQuZvJl8,375
https://www.linkedin.com/in/ACwAAAT-_uEBwkJfVs4LGQkP-ulcWlH9KjjuJJo,375
https://www.linkedin.com/in/ACwAAAAxWm0BQ9p_Zvrnwx0m8lHBalR5ILIGU9Q,375
https://www.linkedin.com/in/ACwAAAFpdOABgwc_3mPk8XdfnN5lYDnP81sbrHY,375
https://www.linkedin.com/in/ACwAAAa4GBUB-UAO8Ojg3UBrBBAE20xlKKdxAhc,375
https://www.linkedin.com/in/ACwAAAU6SNMB9bPamOXSH1MKN5BhLaunc1zmgL8,375
https://www.linkedin.com/in/ACwAAAN921oB3qIPMukLkaZRtmfnqFm-Grwy1Dk,375
https://www.linkedin.com/in/ACwAAAYNpaEBeyPVzZbfiTI-WEY2thAoDfswBGA,375
https://www.linkedin.com/in/ACwAAB8lIooBNOaq_9t-zAPlGczk-K8ddanOBOs,375
https://www.linkedin.com/in/ACwAABfXZhYBBEWT6nyvbhM513XA6V7MfF0OKQQ,375
https://www.linkedin.com/in/ACwAABTNrjwBpjc6_CgRQHMb0W5zWKkvr3bVL6E,375
https://www.linkedin.com/in/ACwAACgxCf4B6dFAdU9DOBqP4fMh463VzscpkBE,375
https://www.linkedin.com/in/ACwAABAbtTABq8WfIyfpnDAVmbHOlo3nXFwO12o,375
https://www.linkedin.com/in/ACwAAAJNBY0BI0Jpei_Mf9HnTUJ5M2qsHabguYo,375
https://www.linkedin.com/in/ACwAAAD1RA0BDospa5gktGdIZuhsbsSWfvrWSIk,375
https://www.linkedin.com/in/ACwAAB7sX14BSC_TkK8BD6HinFScAZwyYN_jTzA,400
https://www.linkedin.com/in/ACwAAApCoSIBcW-oJfLxOnlwl82s6y2qW1Osh6s,400
https://www.linkedin.com/in/ACwAAAC7k1UB-DnHupnRU_th2iyNKMIANytle_M,400
https://www.linkedin.com/in/ACwAAAVCA6QBSsGAo4fCBkPw-jIZBaILXQZyi0M,400
https://www.linkedin.com/in/ACwAAAY3YEIBuS_Lb3NKw3eDRPSEW2mUwQO0yGw,400
https://www.linkedin.com/in/ACwAAAKnoZQBnMRtqVvi_G2G47Yo0TgKAkaCWiU,400
https://www.linkedin.com/in/ACwAAADj1P4BD9Qm1rd4MD--eoCIXEP2EUAdN-A,400
https://www.linkedin.com/in/ACwAAANtRToBd5c2EX9IzSwQ1uCRihXhzrJLUqQ,400
https://www.linkedin.com/in/ACwAAAVkR3cBhX3qDejKnjbvggeojndCR2edV3g,400
https://www.linkedin.com/in/ACwAABNQproBc7qCYEj-dq6UfzzevoPQVCcD1sY,400
https://www.linkedin.com/in/ACwAAAGi45MBsFyxJO4JKPwv1y28VAcW3PdprwI,400
https://www.linkedin.com/in/ACwAAAAPHjQB-TVwMU564W53rBRiY391pstyQCs,400
https://www.linkedin.com/in/ACwAAAAcLjUBBepbIQpuFq7-knW_HD86qrsdauk,400
https://www.linkedin.com/in/ACwAAACPiwQBjZ5A9GHZ5afKvhurXGhOKAybPUc,400
https://www.linkedin.com/in/ACwAAAIN62IBfNqcSXz25DmtH6_oinFS31Wacog,400
https://www.linkedin.com/in/ACwAAAnYjrUB834kxICrrHP9iQwGTDJoEYOOQhs,400
https://www.linkedin.com/in/ACwAAADdjSwB772f67Sgl5tVIQMYBoebz81vTdM,400
https://www.linkedin.com/in/ACwAAAKvv6EBwIbuJEtiHDse1Gz7nVx1G1Nap1s,400
https://www.linkedin.com/in/ACwAAAY0n34BGjKhwYHaZR16fYKiI5iiuj39MU8,400
https://www.linkedin.com/in/ACwAAAAPQuUB6VbTEpWNnWoxajEZEL1N05BrkWY,400
https://www.linkedin.com/in/ACwAAAASPb4BpOKUZiukB5G88CtptxXdR-Yakuw,400
https://www.linkedin.com/in/ACwAAAOjMIMBb8uGBkq94y7b2IVPIikT7mFa97s,400
https://www.linkedin.com/in/ACwAAAMwBv4BIJp4yhDq22Ma06O0HIoWOzp8YM4,400
https://www.linkedin.com/in/ACwAAAVpCh4BUmnKgXoRc5vj17v_GjGzw7ihliI,400
https://www.linkedin.com/in/ACwAAA-FYcIBtUu3WAOCBPbIr1a_OmAn5wfGias,400
https://www.linkedin.com/in/ACwAAA2Wr_kBB5DR5u9ZbhNbaZq4LRCizAqXVCo,425
https://www.linkedin.com/in/ACwAAAAfQ1IB5ZdH7Ma1169lwNLgcl1U2uYX-dA,425
https://www.linkedin.com/in/ACwAAADc35IBa4LOMrnmRB_It-bCKTO6eDNe8l8,425
https://www.linkedin.com/in/ACwAAAM6JPUBOul0AYOixCyUMHCCI7UuOVfcMvo,425
https://www.linkedin.com/in/ACwAAAeK65YBRjFaC_W5QJt0qXQRBeqJvBKjaLg,425
https://www.linkedin.com/in/ACwAABx-AHEBqONBE51I-xtrG7XHve4smppT0Ys,425
https://www.linkedin.com/in/ACwAAABh3YsBEd0wzjuYmabr5Ue_LdJ0Ifj6Phg,425
https://www.linkedin.com/in/ACwAAA8hM2wBik88h8Qa1CGj8RuvVEKu5OtW8I4,425
https://www.linkedin.com/in/ACwAAAIqbc4BFenSeLaEjaD-hSDvgRJSSe77uPA,425
https://www.linkedin.com/in/ACwAABF26XkBXAVZ0DgYQdbBtqI5V3xirrxrQiI,425
https://www.linkedin.com/in/ACwAAAXLv3IBJYMak9xU2lb2C1dUl2Lu-ywD7R0,425
https://www.linkedin.com/in/ACwAAAa2p_EBsh1y1_y4JT8G4f1lmSCIsfUVq3I,425
https://www.linkedin.com/in/ACwAAAiwh4ABbZYvegw6cp2jYciY6yQ_kbkeRb0,425
https://www.linkedin.com/in/ACwAAAXMKxgB5VIZhlybqh7murDs1atHjmbCxu4,425
https://www.linkedin.com/in/ACwAAArMxB0Bg9zxupurAiMcLQB2KJgnQSPpBFU,425
https://www.linkedin.com/in/ACwAABNKzu0B8DwL4bIh4NbC5J7Tj7iusWQvHmI,425
https://www.linkedin.com/in/ACwAABWNF_UBGDyH_JvDzPhSmJaYjiPt4BQeNuc,425
https://www.linkedin.com/in/ACwAAANqSrsBu1nKN5QOZfPJ7_rGr4IFUbUXjnA,425
https://www.linkedin.com/in/ACwAABB3aKABq23htCRLF6nCSBIMJtHz3HNGFlQ,425
https://www.linkedin.com/in/ACwAABLeyC0BwE2U1EcQy7swQWoSxA11yV4xGQs,425
https://www.linkedin.com/in/ACwAAAYEAqYBeO-UM5uILPsADB_c7U0jN3ApBkU,425
https://www.linkedin.com/in/ACwAABn7BhMBloEK8QzcVxHL3xGAYjO94CoiZSM,425
https://www.linkedin.com/in/ACwAAAPt7kwB5elo1oZCUKwlNEbaXvFpV92Tx9U,425
https://www.linkedin.com/in/ACwAAD0rmQEB9PVc56zJs8VVcaRwDD9HHnH0ViE,425
https://www.linkedin.com/in/ACwAAACxVcEBswRsFCPXvpChI1uUDooHUn-dEfU,425
https://www.linkedin.com/in/ACwAAAD_Q5QBGMPt0Xa3FOfz3vg9s1g4Py0592k,450
https://www.linkedin.com/in/ACwAAAKMnk4BqMkzB9BRtCDZP1dy5D4x_d2-7nk,450
https://www.linkedin.com/in/ACwAAANGcjkBg5bp-CQT26ehzOv-BUub3XVSGh0,450
https://www.linkedin.com/in/ACwAAAF-7nEBIJazEGQUZooTHvR00y272I4UpYg,450
https://www.linkedin.com/in/ACwAAAPJmuIB29-yl8axLSneiuua_ahTnb1-xsM,450
https://www.linkedin.com/in/ACwAAAZ2m7UBX6QFGtIfe3Ztmgx90TeIesNuS10,450
https://www.linkedin.com/in/ACwAABNBKZ0Bb71tRAikDVmORPzMghN0rhWcXN4,450
https://www.linkedin.com/in/ACwAAADyeZIBuqPdmb7dDL6CDWtkaYlX9-_L4yg,450
https://www.linkedin.com/in/ACwAAACGfBwBGwDGeaj2DgP4xtfN1p_WUJjtZz0,450
https://www.linkedin.com/in/ACwAAAQg3tEB1c79SU7cFnk4DJuHl0ZNMvMV33A,450
https://www.linkedin.com/in/ACwAAAIHQnYBxeJJ-8Z0kGcuv1oZt5brUFSkTMY,450
https://www.linkedin.com/in/ACwAAABI-JoBjJE7DOzLB-BYcWazdB6Z5pt-pSM,450
https://www.linkedin.com/in/ACwAAAMcF9kBtH4B4DNxOWqgARFKbnkkW9T_ivs,450
https://www.linkedin.com/in/ACwAAAAcgOIBNaJq_tYpJZwIpNEiJur9xH7UGBE,450
https://www.linkedin.com/in/ACwAAA7LyFsB2BL5kJHUoFPS9xLZA57hVtz0dLg,450
https://www.linkedin.com/in/ACwAAAANjToBs1CEkprd9epTBZoAeGdOB6RiHBc,450
https://www.linkedin.com/in/ACwAAAVFqDQBqUgAD1PgjKi-Z4Vip2Hii1UcAII,450
https://www.linkedin.com/in/ACwAAAAe8psBc5wVAMux_Q-8SvSMGc1wCrqnuLs,450
https://www.linkedin.com/in/ACwAAAKNHtcBLibHen4Jl-xpclw0ghihTCjQh5E,450
https://www.linkedin.com/in/ACwAAAD0HdMBjTkIAKED8lTKozrBk7Tw4lRgeJM,450
https://www.linkedin.com/in/ACwAAAArqeYBozDwYmzX_I24UysLCFMb17LLNCM,450
https://www.linkedin.com/in/ACwAABSSRV0B4QXqhtIWLZMS5WLcBuEB-eXlmkY,450
https://www.linkedin.com/in/ACwAAAADUXQBnjFBx7BYetjF6RgmXEZuIDgBeB4,450
https://www.linkedin.com/in/ACwAAC0rRbkBetmupA6IyiyXj41R-rv3CqPBoyk,450
https://www.linkedin.com/in/ACwAABqxXwIBhjln7UMw6KHhuZviXnuq87ccIQw,450
https://www.linkedin.com/in/ACwAAAIrW5cBtO730OccqyFE9rfx_CIXyWwmNWo,475
https://www.linkedin.com/in/ACwAAAXS7gYBzskX2e-vciShC56uDOhsjHCyWgA,475
https://www.linkedin.com/in/ACwAAABhvsoBEjOiusgR-hWZbweQE2IPCom0Ntk,475
https://www.linkedin.com/in/ACwAAAvDUNcBHo55cbWuyGJ27E4RF-jVpZGelNQ,475
https://www.linkedin.com/in/ACwAAAFXlaoBfmZyBNqW-WF_Y7fhw-R9QMWUX5k,475
https://www.linkedin.com/in/ACwAAAF_U4gBmM3FUr-u2FyEThckobqmbJZ1pZs,475
https://www.linkedin.com/in/ACwAAAAoHhcBYMP5CoFi1IB5sBkidT7emdnrvWs,475
https://www.linkedin.com/in/ACwAABFAdHQB23WwlCxkF0IpcgPyyaOXIFP4CdI,475
https://www.linkedin.com/in/ACwAAACKqvYBCzihYLgC3wddeYJbVQU9sNwZAdA,475
https://www.linkedin.com/in/ACwAAB7b3GABariNOaUZTcMWjzGIH56KjbGYvLQ,475
https://www.linkedin.com/in/ACwAAADzeowBKB6JvpHS00Jux_yrfbuBaDAhcmI,475
https://www.linkedin.com/in/ACwAAANWg3wB2H5Y3crRMqmXtERPWJFIDM4aPng,475
https://www.linkedin.com/in/ACwAAAAEp0EBrNSEZcss7ZKlUr98wXhHlhVvBOM,475
https://www.linkedin.com/in/ACwAAAuFIhgBeiUIkjvar3UqtMr6eSDmRo0f1WU,475
https://www.linkedin.com/in/ACwAACGs6AABuCORXB4Rbxhh8lOEy1zZGmkvKJo,475
https://www.linkedin.com/in/ACwAAAPzsckBiHzfDaB9BSvz0tMlZ70EFyYFZXU,475
https://www.linkedin.com/in/ACwAAAEx7FoBKzvhEm_hg1BVa5EoByhA529DLpI,475
https://www.linkedin.com/in/ACwAAAGeUXsBh-ImACtMJO4z_eizHFR6DGv0NxY,475
https://www.linkedin.com/in/ACwAAAXldxoB4rdYd4MKXu7NNxQjkziUzuxoA-g,475
https://www.linkedin.com/in/ACwAABi2mTgB4eEXmSuJoW80b838Xhj_5Vek6ng,475
https://www.linkedin.com/in/ACwAAAOA5RkBF8JnY6zbfMqjlpUbgfVzIKuFtsY,475
https://www.linkedin.com/in/ACwAAAISKEoBHbXwixHNlxbSSssokBY1ZXNN0Os,475
https://www.linkedin.com/in/ACwAABrAHU4BPzHIo-fTqQjQ_VJPpL0z0VBTRKw,475
https://www.linkedin.com/in/ACwAAAPnhe8Bx_8KgW__PFFs1pTfsiVcs-290Ys,475
https://www.linkedin.com/in/ACwAAAfF11QB5jz7pd63jaxdb72b1ilvJtMdr4Q,475
https://www.linkedin.com/in/ACwAAAc--58Bu_zh7e5w7A3RGY8P8jl3KudvFg4,500
https://www.linkedin.com/in/ACwAAA8ezxwBRKDN23uZWgrIlotRI79TwnJnMa8,500
https://www.linkedin.com/in/ACwAABulRfABX685ko_cv8m2K33kRvgLkftEAFA,500
https://www.linkedin.com/in/ACwAABVcOlIBUY-wVuPQ3mh7-SULMBvwsKybgCs,500
https://www.linkedin.com/in/ACwAAAACip0BmC5345QsFttlz62XKtVo_VYutTY,500
https://www.linkedin.com/in/ACwAAAje1EgBDTGg0aihBaHEP9EcY7tfjB12fZQ,500
https://www.linkedin.com/in/ACwAAA-yCL4BbHhYOqyILoESgpj8X40Kz_ZVQgw,500
https://www.linkedin.com/in/ACwAAADzJGMBUptMuNb0WoJtWSm9VQlBUOTgW3I,500
https://www.linkedin.com/in/ACwAAAPVq7YBP97e__6Sz_gVTlu33q7_Q__FrOs,500
https://www.linkedin.com/in/ACwAACJ6d7ABy1PURJfdjDIiHj5_PY69CDhfCUg,500
https://www.linkedin.com/in/ACwAAAIjayEBE4QJYGq0Acl13CXCQ7HB3ql2sVk,500
https://www.linkedin.com/in/ACwAAAGtSXAB2i2CyULPVtjEAu2AVbMgt4PSj3E,500
https://www.linkedin.com/in/ACwAAALIwkAB0-EfWW0aW2rkVQtm1osnQVM5H-w,500
https://www.linkedin.com/in/ACwAAB9t2JwBsSgfAK-G4Janr0RQx_Sw-SKzGfE,500
https://www.linkedin.com/in/ACwAABP41cwBEiC5LaTCWmTVwMPjR7gk3okXFjs,500
https://www.linkedin.com/in/ACwAAAC9LLEB8XK7x59O-87AjX5fry2yvK2X85k,500
https://www.linkedin.com/in/ACwAAAAm6LIBOfw_dDUDQ9qAGYz6YCAYWaRTJtc,500
https://www.linkedin.com/in/ACwAAABp9v0BEsBK7VLTEJ-UsbuR4M4numzTFU4,500
https://www.linkedin.com/in/ACwAAAEE0UcBOrlj6694yYu392fTCTvtGBp1jZc,500
https://www.linkedin.com/in/ACwAABRMEkMBqt1MgSbiNrj36vraXwsDa942LVk,500
https://www.linkedin.com/in/ACwAAAgwboIBC2WFYxh6i_MONJVnGSR4pJI-Thg,500
https://www.linkedin.com/in/ACwAAAPNdcsBkmWddH1LUYkMO9lznIvUwFEiLzA,500
https://www.linkedin.com/in/ACwAAA2N_M4BHh8BlOnDKH2TybMecCam_80OkAE,500
https://www.linkedin.com/in/ACwAABRU8KgBMufE_kPZMmS059xPTs4XRMX7pro,500
https://www.linkedin.com/in/ACwAAALGsPYBNvBViEf2_ZShE2djSsPk0PG1sGY,500
https://www.linkedin.com/in/ACwAABj3D4MBhezy9sFjWotEYM9kyXaWV_c-L44,525
https://www.linkedin.com/in/ACwAAAPa3V0BkKwypE0P4IBFWVgHHZQss8w8ADU,525
https://www.linkedin.com/in/ACwAAAOJB5MB5uNJfpDOF63o0oXaiWSd2zgZ0BQ,525
https://www.linkedin.com/in/ACwAABJ69PEBg-YwwW1zVpcoLYKRzdqBr8oFEqU,525
https://www.linkedin.com/in/ACwAAAIPwikBNBfDXGMJScAR51mUJ1WdqLs4_MI,525
https://www.linkedin.com/in/ACwAAB0v-p0BrEClF8JL8K0pS6oRWcOTYYjFpu8,525
https://www.linkedin.com/in/ACwAAAGaqAIB0YWiAhoW1JdtOdpL5phZ-ea5Wsw,525
https://www.linkedin.com/in/ACwAAACcifgBFbe1nzFTNZEMRSADqPgR9DmDXm8,525
https://www.linkedin.com/in/ACwAAAERxe8BBA0pgtB9JFvZ_QGv3HNZvPmfXV0,525
https://www.linkedin.com/in/ACwAACG9wAsB75L1JJj3jth7Qw_OLOwOQmlCDoA,525
https://www.linkedin.com/in/ACwAAAXfebwBTCZRCepMjUxrE9Tzl2q07NzH6uk,525
https://www.linkedin.com/in/ACwAAAM3XMEBpsTVCmZ8RYrgslGc11NkA9iUiHw,525
https://www.linkedin.com/in/ACwAAABMAzkB1jREi2v4O8TWhZpzALfubI71ULQ,525
https://www.linkedin.com/in/ACwAAArLs0EB5Z3fTQC0XEgGM3oiO9_nNUvg008,525
https://www.linkedin.com/in/ACwAAADKNI0BWjBQglZJDkJZONV7P7dUU_jxH1o,525
https://www.linkedin.com/in/ACwAAAihUkwBTKz8_UikIizSx6frb1HEFSuCEsY,525
https://www.linkedin.com/in/ACwAAAT_XwQB3425M7X3HE6yKat40x4jAxhk5iI,525
https://www.linkedin.com/in/ACwAAAHliIYB6NmFu_6JDUoevfq5tstlw38D4XY,525
https://www.linkedin.com/in/ACwAAANqbpwB5r8HSXFfzglO3E_zXkmLhi_3vl0,525
https://www.linkedin.com/in/ACwAAAeG78wBr70xOMN5-ygGSK2G-Co_BWR4MzE,525
https://www.linkedin.com/in/ACwAAAnIdgwB0aTczMSKDskbNWhxFEwCyElfIy4,525
https://www.linkedin.com/in/ACwAAAWG0H4B_hQrYH2wTvJNutS4SMzIjn3Ozfo,525
https://www.linkedin.com/in/ACwAAAqGTIABn35KcB-YcxF9Kk1UUvm44kYLzoY,525
https://www.linkedin.com/in/ACwAAABTGOABmJd3fSFszpm26tLj4Zuz_2fHUC8,525
https://www.linkedin.com/in/ACwAAAKeHpwBRYkxVJxI5ks9gfdnZ9lBA8T3i50,525
https://www.linkedin.com/in/ACwAAAavW4UBanJ-oqhsPV5gfWCRtzksP6aSEgQ,550
https://www.linkedin.com/in/ACwAAACGMSgBX6uK9CZIcM-95SjpPCCl6yTCuMI,550
https://www.linkedin.com/in/ACwAAAAM8wwB7MJW4P9MMVytE3DHid2-s1mdQLU,550
https://www.linkedin.com/in/ACwAAACAQeQBK3YWP_6ux2LZcRbr8pATDE5TwtA,550
https://www.linkedin.com/in/ACwAAAYx9g8B6sHz-vM4i7BmF184DA1tCWg6lLQ,550
https://www.linkedin.com/in/ACwAAAW7Bm8BN_PrortgqxYOs4RMiLyxhCMRlYs,550
https://www.linkedin.com/in/ACwAABHQCeMB3hbbpi6_AYT7e3KLSh6QzQkUrAk,550
https://www.linkedin.com/in/ACwAACMUbkoBzJsqrbUsunp7Ck4CeUAWyrpz4tw,550
https://www.linkedin.com/in/ACwAAAFSmWQBAXpxBPPzsfbCVym9bdmgeG2NHX8,550
https://www.linkedin.com/in/ACwAABJFXMkBPz-ZqXbsecLPSZb5e9LwlFPLKRs,550
https://www.linkedin.com/in/ACwAAB-VlYgB4oq2cDCve9E-dMHY-b5MoJedg4s,550
https://www.linkedin.com/in/ACwAAAMgDh0B6l2I23HzSGJdzivBfe6Urq4Qhdc,550
https://www.linkedin.com/in/ACwAAAZ6yE4BKQ5E0k-El22Vkxc23_1frI5vcmg,550
https://www.linkedin.com/in/ACwAABVGxm4Bn76yGuzx4IkHO-Qj6svvQM4iF9Q,550
https://www.linkedin.com/in/ACwAAANyx6UB_EZTe74vvhIbrPUUaVVNJ0zqWvY,550
https://www.linkedin.com/in/ACwAAAp4lqsBAgmLEo4JMYjbDYaGkw84fEULRIE,550
https://www.linkedin.com/in/ACwAAABYHNsB9zTMfWBFc5HVoLd5dPmVT-7qwaI,550
https://www.linkedin.com/in/ACwAAATFUyAB8gg1tbTA9ice8ci9xxK_zvtvnng,550
https://www.linkedin.com/in/ACwAACL_b0UBrZy-7HA2IEKTLYFEb0QytRccJ-U,550
https://www.linkedin.com/in/ACwAABAd1ikBKJX-ZYMMlyMG4Qcby3JCS4W8cHU,550
https://www.linkedin.com/in/ACwAAAJ4FpEBzEjcdOCJiPp7LcaSyLBCaGPkyk0,550
https://www.linkedin.com/in/ACwAAAUtQHABsCTu6-ZngVZCYOR8oQwTPrjBvCk,550
https://www.linkedin.com/in/ACwAAAio6rIBSejRJB6dzZQNKS5yY55e0NHucSk,550
https://www.linkedin.com/in/ACwAAAQdSOEBeQ9ga0NBjr6PB5J5ZxtVfTGKjeY,550
https://www.linkedin.com/in/ACwAABMIx1EBH92fuyOyuPaUGEqVJnpyTSFH5RE,550
https://www.linkedin.com/in/ACwAAAuuAVAB0oeSHsNEPWEkW4fEaB9R2x9p5vY,575
https://www.linkedin.com/in/ACwAAAmfgcUBGUHQ3pZfGrdKlu_rEyoVLQxlLa0,575
https://www.linkedin.com/in/ACwAAASFn8MBe1T07ZJiY4R2Gy1buia0HV2d8Ow,575
https://www.linkedin.com/in/ACwAAAXlYPsBslyIKR_WUmeoHlQaNXjLAoS--F0,575
https://www.linkedin.com/in/ACwAAAABGdoBk_iJ_X1AKhSVfTTyRnyMlDsEVi0,575
https://www.linkedin.com/in/ACwAAAS4NG8BZ_Zja02RyDQBM9bbF10KmZGb_To,575
https://www.linkedin.com/in/ACwAADy7yAcBcTyHI0ewkMHICfCAcgo_b3t4rqM,575
https://www.linkedin.com/in/ACwAAAAmrmsBWRcXCRpm3D3YEpzyrf5OZd4wLfE,575
https://www.linkedin.com/in/ACwAAAGz3jcBxaeiDEn2rGYwX6cLU1cKO_T129w,575
https://www.linkedin.com/in/ACwAAAZJ60IB-4TEuiCEaSKJPGjpzmvk-NLic-8,575
https://www.linkedin.com/in/ACwAAAdKUKwBA-MiMpUt5aIuL0nt76gG5d776hM,575
https://www.linkedin.com/in/ACwAAA14qAABzjRVGDkFwrpqSdR7gHOgXHnjHEY,575
https://www.linkedin.com/in/ACwAAAN5NccBdwhiCiXqYgUGmDh5JN9jztIfdaM,575
https://www.linkedin.com/in/ACwAAAPi7p0BeqRZPC_OM2_7aKJVn4GObnnyiIs,575
https://www.linkedin.com/in/ACwAABQVqAIB4vMczipxrWQUHI6Pc6d3SKK7k1g,575
https://www.linkedin.com/in/ACwAABw_mNwBdy4lXG6Nf-Lkg_1A-X4yQ9hNymg,575
https://www.linkedin.com/in/ACwAAAZECiEBTtIvTiq0TME7-4eZtgJeTTsxkWk,575
https://www.linkedin.com/in/ACwAAAgrf_ABUSUAdCHbujRGWkTzukIOSuGdF_E,575
https://www.linkedin.com/in/ACwAAATsl_YBo0BFx71C2Ua-6McHL5G1Dw6FZ0c,575
https://www.linkedin.com/in/ACwAAAKKcxMBW-bWIHdWVM0BpmaUA2hkwQSKX5M,575
https://www.linkedin.com/in/ACwAAAC1hKUB6QGrNDuWiBJ903p2vejfgUp1uZE,575
https://www.linkedin.com/in/ACwAAAS9F5UBPaJZUqVtUQJb6DU82XxEl5R_z_U,575
https://www.linkedin.com/in/ACwAAA02TFcBd9BBFW0PVgOOmj74DzO-vSVOYa8,575
https://www.linkedin.com/in/ACwAAAWhRHoBeGLhpQxGTy8_O53ekra19rBfnrI,575
https://www.linkedin.com/in/ACwAAAxDu0YBqkgSOUkF8YRNLbOTp6fSPJAu6_A,575
https://www.linkedin.com/in/ACwAAAE5L-oBece52VMxy8f6SdDfqVTcyEW4-H0,600
https://www.linkedin.com/in/ACwAAAvgU_wBOhEz1EpWi5n8duCKjQwWFeCrdVk,600
https://www.linkedin.com/in/ACwAAAVYOIcBUYfx365Cu1t9RUoYo1UbrI-WJQc,600
https://www.linkedin.com/in/ACwAABfDdZ8BjsPJlPnE0BT8JDz1Num-c3KwibA,600
https://www.linkedin.com/in/ACwAAAFf4iMBePXxPrmND7U0l2RG6mpKeoCM9aY,600
https://www.linkedin.com/in/ACwAABHnHkkBqgMufJmGT39hfO3vf_n9FuG6AM8,600
https://www.linkedin.com/in/ACwAAALbi-0Bfa340Bp8H_cUKHxr1DU2KHkC6Xs,600
https://www.linkedin.com/in/ACwAAAAQdakBG4PLq2s6VMXIhHJFtXuVeXT7_2Q,600
https://www.linkedin.com/in/ACwAAANH7wIBN9z6EC2MSJ_Lxj7RX-v3SEVho8E,600
https://www.linkedin.com/in/ACwAAASL8_ABeXCRE53LM9tsjYjifB_eCfIPkXk,600
https://www.linkedin.com/in/ACwAAAAfAh0BvTcbC43Ice2qGxUiVSDrQqERWRw,600
https://www.linkedin.com/in/ACwAAAXvGfYBvnzPCqWxgDP0oUKVZ8BanEIx4SI,600
https://www.linkedin.com/in/ACwAABQROdgBYvnT3HczKZgM1dPyUa1Wxj2QBRA,600
https://www.linkedin.com/in/ACwAABfPT_0BAdsK9USeT-FDq5onPQlMnqkzqOY,600
https://www.linkedin.com/in/ACwAAAHmzuABd71gWMsX_joX44m-h-Zf2xdlGok,600
https://www.linkedin.com/in/ACwAAAGt-2oBGjkrR7az_teT_mIrc-bvuY4EgMQ,600
https://www.linkedin.com/in/ACwAAAdBbQkB1Ir-u319naonB2BWbz6uUFTRfFc,600
https://www.linkedin.com/in/ACwAAASO6kwBy5P_aVV4TjvAvYGpTmVD_4PAeu0,600
https://www.linkedin.com/in/ACwAAA3TVVcB9BOFYJbGL0p3qCdJ-lD38W4DZRU,600
https://www.linkedin.com/in/ACwAAAg1jnYB_LNfgGeOZm5L5h8H7aaAbZSFDVM,600
https://www.linkedin.com/in/ACwAAALPDqkBtjZPiJrW5uFDNgmWyr1bbzTU3_k,600
https://www.linkedin.com/in/ACwAABLDp40BoWbLRojlq-25gXVJ_VCtm3ZH9AA,600
https://www.linkedin.com/in/ACwAAAM4yKABMkl4EN8tERecUhR2q3WLqZRiNx0,600
https://www.linkedin.com/in/ACwAABNKBv0B-9PIV1vOYRN7XEdNWVvsfw0_-lI,600
https://www.linkedin.com/in/ACwAAAAHLlkB4ez-s_FWJ69HS9BdR2a_GWPPIow,600
https://www.linkedin.com/in/ACwAAATGktYBG79e9G57WUZ8yM9vJUViY0b-GpQ,625
https://www.linkedin.com/in/ACwAAAEhBncBsOPnzHhxA9Jvd6-k_wXTkWQsYng,625
https://www.linkedin.com/in/ACwAAAD4xOABKZjxqqjrQWlyRAg-xsOcrGX8mUc,625
https://www.linkedin.com/in/ACwAABD8L8IBODnVWggBsocJ-Afy-qUgf8G93D0,625
https://www.linkedin.com/in/ACwAAABWMvUBr1e6qcw7seqxrNoLAycPovmMjAg,625
https://www.linkedin.com/in/ACwAAAQTW6MBXZ-4e2J4-EdhXEFyEbiBNJGfnLM,625
https://www.linkedin.com/in/ACwAAB11fDwB87P4gLm0e1p0XADV0oNV3i-2XwM,625
https://www.linkedin.com/in/ACwAAABYiVIBu_-ahULivMf3F-bStG8HQfsc4d8,625
https://www.linkedin.com/in/ACwAAAZVpuABCPF0jzU3JybkWd7xwGbWBrAdwF4,625
https://www.linkedin.com/in/ACwAAANl2e4B7qeUQ7bYG_5k1Hiefd6SNiKelyk,625
https://www.linkedin.com/in/ACwAAAYAGy4BJHiK8RAAifHgWxrWS2DlN7gSeXQ,625
https://www.linkedin.com/in/ACwAAAk9whsBo3SaJtqDABvSCS9XnXablbK-wfY,625
https://www.linkedin.com/in/ACwAAAGtEZ4BOThbJZiVDdiN3lLS7nI3lBgfcNQ,625
https://www.linkedin.com/in/ACwAAADmzgkBJWtZnZu_pdTDXnLX1DK3hzZtnDs,625
https://www.linkedin.com/in/ACwAABHe16cB5kSdTjPLFs9O-aFDF6ebXfI3Exw,625
https://www.linkedin.com/in/ACwAABYCaOgBW89Wb8nMcqd9AhwMysJCsqqn17Y,625
https://www.linkedin.com/in/ACwAAAQ3-mUBokWfZMcBVGFZoAl0AZQmpYVwpTE,625
https://www.linkedin.com/in/ACwAAANlDtEBQspmsDxYVeGmWCXgQFoWKCkhFHU,625
https://www.linkedin.com/in/ACwAAAKCikoB_S67QYu3an3dEeaJrLVTFej_QC8,625
https://www.linkedin.com/in/ACwAAAGbzNYB2AzhqA7P7UE0dPyFVISrEE60Rmc,625
https://www.linkedin.com/in/ACwAAAsV5Z8BRX5-_Tge3KAdaSX71GPV16AzJ5M,625
https://www.linkedin.com/in/ACwAAAAJDycB3BkZWAQlimU4SdV1PnQwHX4OXL8,625
https://www.linkedin.com/in/ACwAABXiZQQBDJzuunv4NU-vlczN0modMXpzhqQ,625
https://www.linkedin.com/in/ACwAAADyvFkBPsVlNtM8xVjhbvOHiwYieOwkW1g,625
https://www.linkedin.com/in/ACwAABN5p3UB7XQUcn-bb7itMgLllnRo9SAD0GM,625
https://www.linkedin.com/in/ACwAAAUickMBefitO6zmUh1Insu6Hu_y093vNMI,650
https://www.linkedin.com/in/ACwAABe8VnwBCgA95SLzoPC6MjMCVn2JtsVNlfk,650
https://www.linkedin.com/in/ACwAAAK6W2cB5t0NFqhxG8Rctx-aCOaf6t6FISk,650
https://www.linkedin.com/in/ACwAAAuItjIBDQhR9LAioqtwq61ClI2I0iPigyI,650
https://www.linkedin.com/in/ACwAAAQBVC8B0eyR7gzkQRUGG0d5tWL980_P06E,650
https://www.linkedin.com/in/ACwAAAAIY_MBEuGhR3oUNLZ388arpDljT6mSXEA,650
https://www.linkedin.com/in/ACwAADC61OkBlsIm7Zjo_qnigYlBmBDJYIy3wcQ,650
https://www.linkedin.com/in/ACwAAAMTYJkBg1fgIVBQz5Tmfs1P9mVIqnIXhXY,650
https://www.linkedin.com/in/ACwAAAAAyo0Bu2u0rbFD7Za1s3s9XJ1Bj8V79pI,650
https://www.linkedin.com/in/ACwAAAFkzCgBt0g-GndII3rKCtC3cPgaYiGN7hk,650
https://www.linkedin.com/in/ACwAAAJQHbcBw4cCVSoUcyXOe1UVQdt_rOF1_wM,650
https://www.linkedin.com/in/ACwAAALJwkcB2-1HFPhv4KVoY0CujqfsdcNdWfg,650
https://www.linkedin.com/in/ACwAAAGemd8BP64xDtaBhNdiJqMj1xA3EbrvezY,650
https://www.linkedin.com/in/ACwAAANdvswBswa-IhJyPJ6RufYkqyzkcPR59Ts,650
https://www.linkedin.com/in/ACwAAAEHGysBpWePaK1CH1k84smktZcojq3gXiM,650
https://www.linkedin.com/in/ACwAAASEbrkBEkmBgRbeODQxosVjSZoCRctcyrY,650
https://www.linkedin.com/in/ACwAAAZ7UwQBasIO7gwhFP_EQF4kIEEoD13eyDk,650
https://www.linkedin.com/in/ACwAAAoOMlUBAsBB1USATnRGjqI6bweNVnsnOTo,650
https://www.linkedin.com/in/ACwAAAA9vYIBensv_51lm3HTBm1GsWlqTsmYQc0,650
https://www.linkedin.com/in/ACwAADIeUqIBjvxWni0O7DJTNH-w8SxNnBCP_BM,650
https://www.linkedin.com/in/ACwAACgHAkUBJvivbCy8AUOapGTVZ4rUTdyFon0,650
https://www.linkedin.com/in/ACwAAABdXL0Bk5mWJxIDJ1pMLDBH9eSw5b4LiZo,650
https://www.linkedin.com/in/ACwAAArQ3JsBxW5OUuDBBRkBlO3t86I7FiEGCmY,650
https://www.linkedin.com/in/ACwAAB-DwzoBlwmbLImQPM6WZfh9nU_THf3BHBk,650
https://www.linkedin.com/in/ACwAABgMQHIBerNhwxYGujwTRaflQIbT6xhcuxE,650
https://www.linkedin.com/in/ACwAAAn4hXIBPTF7iCTCqUdE9LUqAhsQxM80eis,675
https://www.linkedin.com/in/ACwAAA7Y6CkBXeT4Cu2opzgHrWpkL-ZttaaMEcQ,675
https://www.linkedin.com/in/ACwAAATasvgBkEzLOmCtDyrazadnpsb09ZDUk1s,675
https://www.linkedin.com/in/ACwAAAQZ6wgBqj4neDpXSy-RckUfW7JtjID1xAA,675
https://www.linkedin.com/in/ACwAAAe-hdUBeKVtNgAXmjaoVI88I7WTI66GZs4,675
https://www.linkedin.com/in/ACwAAAvHySMBlg1yOqSmIVFYWEcIXkjgcGPM4RE,675
https://www.linkedin.com/in/ACwAAAAcH0oB9dxjRIt20DlEU-kLSkdnFoaZ7CQ,675
https://www.linkedin.com/in/ACwAAAmiRs4BPyzfq7jr5pVvZAKrq6YBF1gqvw0,675
https://www.linkedin.com/in/ACwAAAPMkCsBM2PAr5wLxSs4fVI4z1RC6Qucxwk,675
https://www.linkedin.com/in/ACwAAAZEFWkBSgTD_uXWOHjHD35PvHewcx9qTaY,675
https://www.linkedin.com/in/ACwAAAf2_lgBM0gN3FHrO2Dr1fMPxA0brAbUuqY,675
https://www.linkedin.com/in/ACwAAAP5ydIBLD3w1k9uVaMelyN3u9h5CxRVrQY,675
https://www.linkedin.com/in/ACwAAAGpk2kBiQ4EEigwmVSA26XFpa955lhD6e8,675
https://www.linkedin.com/in/ACwAAAza6GoBAfp4ixUgYAir-9QH5TkDwCUxfJQ,675
https://www.linkedin.com/in/ACwAAAQgKP0BPEPyzkf_esYstHIxv-BEjhXZe10,675
https://www.linkedin.com/in/ACwAAAAgEycByqqGJZcLwcNV4x9pg5rPeVcCock,675
https://www.linkedin.com/in/ACwAABMr1T0B1Tp1gYartr78b-wQu3GvU4sMWpU,675
https://www.linkedin.com/in/ACwAAAHkNqABSga5DPYoUHKRDsFlevZQ-xcQinY,675
https://www.linkedin.com/in/ACwAAAFJ-ZUBbcyoBbJbPl6s5zLXfvbPhot1L8A,675
https://www.linkedin.com/in/ACwAAAhoGnsBmstB9rA9SvY4yMmdIJMAOb7lBW8,675
https://www.linkedin.com/in/ACwAAACRUS0Baj6QaoIkWAfzuBdJOIzB1c68QRY,675
https://www.linkedin.com/in/ACwAAAIoz7sBbaPmjrh90CfhLuWxtd2b-IAb4K0,675
https://www.linkedin.com/in/ACwAACRE0uMBPklGAS1ERYDXV1DJRDVDlHDmFlo,675
https://www.linkedin.com/in/ACwAAATGTa0BpWhSzGO166-DlGYG-6b0CiwMYIk,675
https://www.linkedin.com/in/ACwAABDKcg0BNB_aNLEMA46dTRua2eml25OlaHM,675
https://www.linkedin.com/in/ACwAAAeV2NIB8QgNWqEB0XF-kzVuufNOquUiA9w,700
https://www.linkedin.com/in/ACwAAA_SnR4BFNPXhMznfClrIbJRO9F4dVsZdcY,700
https://www.linkedin.com/in/ACwAAAku00UBNscIbdmePsJ7-gOULmDMwwYQ_iU,700
https://www.linkedin.com/in/ACwAAAAt_V4Bei9V_Acs8pkQZIGQaTkM7l4Gg9U,700
https://www.linkedin.com/in/ACwAAAdGsKIB8Q3vr5osyxwFh4Tn1lMBIGJR_yA,700
https://www.linkedin.com/in/ACwAAAgJZQcBJT8AYMOyRHvu1znMFe6-8ubsN0c,700
https://www.linkedin.com/in/ACwAAA7ABiQBiCEQ_yDluqpz59DmNGKYp6UQt_k,700
https://www.linkedin.com/in/ACwAAABouaUBchQFTUfAOTHMcZVwI1nd-MzDlJM,700
https://www.linkedin.com/in/ACwAAA-u2dUBR8qeSQo9hmXY2pshhb36VNWq7CI,700
https://www.linkedin.com/in/ACwAAAV6GTEBXTKD9Vb7T09RQzFrniZ3f5zPjes,700
https://www.linkedin.com/in/ACwAAAewL34BXRbt03goiaJoZlFOtkVLOtbVuzk,700
https://www.linkedin.com/in/ACwAAAPRh5oBzUuk8PdtSgC7mPdzhEQ_cBjBEqs,700
https://www.linkedin.com/in/ACwAAAMQQoYBonunD8n0HIl-t180szLzOI10C8w,700
https://www.linkedin.com/in/ACwAAAeIwbsBIvnH3jAJLRJ74yjHV9QJOR0Fp0w,700
https://www.linkedin.com/in/ACwAAAOLstkBsQ90OGZZAhQY4CW0vVD4rOTHQ30,700
https://www.linkedin.com/in/ACwAABQ8WNIBlmxL5lj8tnNtNSRGRZC9HYrbd9g,700
https://www.linkedin.com/in/ACwAAAKD-FkBhPhk5zbghQ7PWbRe6e8pjXDCKrc,700
https://www.linkedin.com/in/ACwAAAMxH3sB1E4x35T6NRfEoAdqI2WXFjlT-Eo,700
https://www.linkedin.com/in/ACwAAADSosEBiG6cKtNUodsHzORAV36ThET8XRo,700
https://www.linkedin.com/in/ACwAAAFfAhoBkpEMM9KTPBo3Xhc47jWHoM15ylc,700
https://www.linkedin.com/in/ACwAACW7cD0Bw7EcqNDwNPaihJU26Js_ohKZA1k,700
https://www.linkedin.com/in/ACwAAAsrvosBCqnoxXQ1TdhG6nMJ64aCXi2-5ZA,700
https://www.linkedin.com/in/ACwAAAV4qAoBnRQpbTGUMPe13cK5yHGDSNLQBAg,700
https://www.linkedin.com/in/ACwAACimJ-8BAaDPck_5aOau99D_J4j6It-05mc,700
https://www.linkedin.com/in/ACwAAAICN9QBa8uLVT-4TTAuCRA27AtVtghpXSE,700
https://www.linkedin.com/in/ACwAABOGZLEBzyzTQ44vSiwrX2Eyd7owlJ9dlNc,725
https://www.linkedin.com/in/ACwAAAsbJ7gBa9p9gKdF_v847WnR-j_sWShTv5U,725
https://www.linkedin.com/in/ACwAAAwb7FIBrMBKOxVSIcFc7PrSF1iIs_vdcFM,725
https://www.linkedin.com/in/ACwAAAUK1mgBXZrnmtxsPuhUF8L5Vbb2f3U5Zwg,725
https://www.linkedin.com/in/ACwAAAOHUTAB4z89CMVk3pheeOcBT2MGG11oV5c,725
https://www.linkedin.com/in/ACwAAAzEl1oB9fkF-3QMs8_my2cjE0e5vUqbpZ8,725
https://www.linkedin.com/in/ACwAAAFbD8EB4Lq4wYevkFZX1gWWtzYz_5DJ4dU,725
https://www.linkedin.com/in/ACwAAANuPcoBbfWG_gjYG5IPbSwYLow6TEuB6T4,725
https://www.linkedin.com/in/ACwAAAEsF14B-cZz_7PaYZJUFbd-_dVjxpU8bQE,725
https://www.linkedin.com/in/ACwAAABZ8t4BOmfu3i5aYTwsFgfbJtuj73oRqAg,725
https://www.linkedin.com/in/ACwAABXX29UB9ZUd62kDyPpBLcdzBMJcVdsdJLI,725
https://www.linkedin.com/in/ACwAABgo6z0B4HxyqgE009im1YbcGlhQUxeskEE,725
https://www.linkedin.com/in/ACwAACPFrKoBhN4YxHAuWPlp7X4ufcoQX6f07y0,725
https://www.linkedin.com/in/ACwAAA3iqM4B7TOG7v3DN_vuA-Vq9TS1LvZPPuM,725
https://www.linkedin.com/in/ACwAABWlZ4AB6oJIBxE93VQBiRpasdSaliA8qOc,725
https://www.linkedin.com/in/ACwAAAp1QCMBNjOIiZF7ienhgKfwhJhCmRBtq1k,725
https://www.linkedin.com/in/ACwAAAVtINABkL2BKz0biZiYeFgBYEnRumIE9-U,725
https://www.linkedin.com/in/ACwAACPHv0cB41qiy8nyBnO_zT6E5Bfm_xFgmvA,725
https://www.linkedin.com/in/ACwAAA7JXRsB2mFK8cyvRRGG9JsX_T0g-7RQ2pk,725
https://www.linkedin.com/in/ACwAAAsg-94BAw1kru3IvBBEDTXgvGyBd1izkH8,725
https://www.linkedin.com/in/ACwAAAC53Y4BvGhpzSPIEmu1a7VSWE9C2dwupkk,725
https://www.linkedin.com/in/ACwAAAALACwBDIFnNvkuFD8H8oRlk3N0zc1byf0,725
https://www.linkedin.com/in/ACwAAAxgsaYBsnNopNvUEDqv6VF0Kft5_bXY6ro,725
https://www.linkedin.com/in/ACwAAAxmWLsBB1c1MUQLU5BXIC9zHk2dxopjizE,725
https://www.linkedin.com/in/ACwAAAT-uSoBaOmPqx1Gg9GWtBhqPxtjnYlLtKI,725
https://www.linkedin.com/in/ACwAAAx9KNUBZyXhurId4yXFaXUsVEa2eRheJ-E,750
https://www.linkedin.com/in/ACwAABJjbA0BLVBCBSUZeCo4HYjb-udaRfUI_kY,750
https://www.linkedin.com/in/ACwAAANvAxYBz68czqoa5U3eViGXFTMITFADGOg,750
https://www.linkedin.com/in/ACwAAAlopNUBVS4VQNnf_jmLGgvFq2iduX55R-M,750
https://www.linkedin.com/in/ACwAAANpkfQBcpdgRpFqr5d3TBnaUrsniiMcqsk,750
https://www.linkedin.com/in/ACwAAAwu-twB-Ii8EWQgivx7zL50yZzxzb7imK0,750
https://www.linkedin.com/in/ACwAAAqIEasBdfzunDK8Emafyar-S_n7CAKbn64,750
https://www.linkedin.com/in/ACwAAA34AO4B9aKR46Yx7hJTrV1gtgEPUlfk2bw,750
https://www.linkedin.com/in/ACwAAA0MggMBRGIxAh8xK5btzDvPPhjpPmfexz8,750
https://www.linkedin.com/in/ACwAAABLneQB8VyQFDb1HNx7qWviT0leXrS608E,750
https://www.linkedin.com/in/ACwAABUVx9gBYubBx8Vd9hWvinejhBY8H4uukkg,750
https://www.linkedin.com/in/ACwAAASy_0oBxf_QtK3uYds54Twwuja_IP5zQ-I,750
https://www.linkedin.com/in/ACwAAACopyQB02a3DQBVzwfER-FScD3iBHX3OII,750
https://www.linkedin.com/in/ACwAAADZM6sByraFbiOrhwptlzyUgzAnN23VSls,750
https://www.linkedin.com/in/ACwAAADPUOgBuiSiPbo6-rHtq29J1kYafk0-stQ,750
https://www.linkedin.com/in/ACwAABIiU7cBy8jSD60TICN4vFbMG4Hz_BTo7sc,750
https://www.linkedin.com/in/ACwAAAGBSoYBUMw5sUwVuUa9Jwy3uJ29Qx4nKhM,750
https://www.linkedin.com/in/ACwAAB1k0ssBIVi3nODbdBJOUuOmSVJMPT7bEZM,750
https://www.linkedin.com/in/ACwAAANaXIIBPzhGODUm9cu1wjcuirFZ6tJ_93w,750
https://www.linkedin.com/in/ACwAAAA_LUsBmZkjQQsV2fwLGICRmk2g8Z-r8w8,750
https://www.linkedin.com/in/ACwAAAs344IBeJJFawj6yJsepTObdNa6lw5vZPE,750
https://www.linkedin.com/in/ACwAAA-aIasBLvxsYdREvx5L7Vpx3WrOjrLr2Gg,750
https://www.linkedin.com/in/ACwAABy5B_gB-vF2VbJH1qH7d7FRsldxarN5jXw,750
https://www.linkedin.com/in/ACwAAANiApABjF6RG03_BiPn6NKYA7K9stCsERI,750
https://www.linkedin.com/in/ACwAAAwtjAYBPAoZ_6nSZDJ-e4S6Zx1QqFrDwsY,750
https://www.linkedin.com/in/ACwAAAwdy7UBj52dEPguHuzhrMfk0U-Cpfr4z6w,775
https://www.linkedin.com/in/ACwAACcydRYB3XRYohscWL3UoZ6Ygw-z6UbTl7c,775
https://www.linkedin.com/in/ACwAAAARwOIBlCnEj1nJmV89ACgbZmbu8OfWFP0,775
https://www.linkedin.com/in/ACwAAAs1AycB4x4uWgQcfQ2p56LjB_DWLSwMcYg,775
https://www.linkedin.com/in/ACwAABEAdCIBG0NNKgqerXtFzqKFYw8G2lj9prM,775
https://www.linkedin.com/in/ACwAAAbYIwsBpj91u3XCMioOXTcSU9ynppntmkk,775
https://www.linkedin.com/in/ACwAAAAOINQBLYxDXX6l-x2-slEU9xvjiP8Fh68,775
https://www.linkedin.com/in/ACwAAAVNvuYBSmWwBCJdm7Ak2PwKolFmGE3YaOU,775
https://www.linkedin.com/in/ACwAABL6MqUB2wCVtKQQlHJf5MP6JnEKVhVxUrw,775
https://www.linkedin.com/in/ACwAAAJ4AiEBR_AxTqwiy1xv95hZORhhO1w95Z8,775
https://www.linkedin.com/in/ACwAAACqHccBUrWROkF7Q7hHDcV-Jdptnak20m8,775
https://www.linkedin.com/in/ACwAAALcdtEBZG-bTnQ1PyVKfYgzxEztF_OEYno,775
https://www.linkedin.com/in/ACwAAANqbOABB6XvNRECMXD77VEIf9DRSuhF7vE,775
https://www.linkedin.com/in/ACwAAAciivUBI1aF-SKiTYYNfJAhRHivCzfWJLw,775
https://www.linkedin.com/in/ACwAACauAoIBBqd3hHswu2ojXSC8vp726GLiNTk,775
https://www.linkedin.com/in/ACwAAAZEargBaykezrj3CMRTlwG9uMKs8oGpkLM,775
https://www.linkedin.com/in/ACwAABO0rjcBhbxr3uI8_F9YZvesxQJzeW-3JZI,775
https://www.linkedin.com/in/ACwAAAHVtOMBSYZEE8SI6fw5SMaTxdNsXKHjwZ4,775
https://www.linkedin.com/in/ACwAAAHyg-YB1sjoXKbLY-EGapfRoacTX5O-W0g,775
https://www.linkedin.com/in/ACwAAAVkLDQBKSIWHorKYea_D722n3xn9iQDfXw,775
https://www.linkedin.com/in/ACwAABhrxREB9beCwWnxgAeXgWhg2pQD4ch33pI,775
https://www.linkedin.com/in/ACwAAC4XO-QBj6hkE7h26r_QiU28eIJGee0xDao,775
https://www.linkedin.com/in/ACwAACZxLcgBsUrMDFEfSVeZSh9TglPdISNrrWY,775
https://www.linkedin.com/in/ACwAAAEg55gBMTIqkpwbNwu4E5YM2OaKlLW5bBk,775
https://www.linkedin.com/in/ACwAACXStNcBegqDdvW0BwPob_KE4yru69ZyhCQ,775
https://www.linkedin.com/in/ACwAAA9i_BsBB-GDeuod_ty5Q6nLMGEYGOppzWs,800
https://www.linkedin.com/in/ACwAAB4_oW8BtIAfxmkbzjAJTQoS0tiqpsvDPnA,800
https://www.linkedin.com/in/ACwAAAiGjYEBcMU1mMXPxuCntYVBvtA9DDb151M,800
https://www.linkedin.com/in/ACwAAABcD9IBW-Ypk021B1Lvw0HsyP-vRhi0Iyk,800
https://www.linkedin.com/in/ACwAABftRiABjqMwMRVi39Zjln25Ds7xOsrhWak,800
https://www.linkedin.com/in/ACwAAAcDnhoBFr-7lnhUq70aXu62muX_JEKfuoM,800
https://www.linkedin.com/in/ACwAAAQ5xjsB4qpfUMP6wU1bYOea8jIvZOMbHRY,800
https://www.linkedin.com/in/ACwAAB2RZW0B_EAbPN8zjaAi7uXE6vHwk7haYLQ,800
https://www.linkedin.com/in/ACwAAAl4bkQBHrzrfnAJ79PugeSzDCG-AMZQArg,800
https://www.linkedin.com/in/ACwAAAAklLIBYrVVqJ_Tf2pYhXwXgD0NbeB4DCQ,800
https://www.linkedin.com/in/ACwAAAcwpcwBvVihkF1BeH9mj_8BuUXX17pJbw8,800
https://www.linkedin.com/in/ACwAAALW2EIBgXjBLrMQJ2Fs-dKDUB0AkdzBHBc,800
https://www.linkedin.com/in/ACwAAAC70m8BNmrNUP7_8s7vh0WAC7Dr0OjNmhk,800
https://www.linkedin.com/in/ACwAAALT9KEBwKvCCfEcp0uh25o9SIOSNggxX5Y,800
https://www.linkedin.com/in/ACwAABIsPTQBuntKc81sSaWzq-eeroDDEMqUaVg,800
https://www.linkedin.com/in/ACwAAAVKBaMB3Q_mUwNS4gUdJwdYwQQJjph3K4o,800
https://www.linkedin.com/in/ACwAAAHJyMgBMDSpULI4sMOnR-ghnd0JTtneNGc,800
https://www.linkedin.com/in/ACwAAAmDZMoB5vnCbCZ3P93vERBxPhnNud8jyzg,800
https://www.linkedin.com/in/ACwAAAMwcb4B4GEkf2a41BOPEwwsuSeGnUC4PaY,800
https://www.linkedin.com/in/ACwAAAjsvIwB2RhpwQQkcc0LTZMm74otKktpkXI,800
https://www.linkedin.com/in/ACwAAAbaGXYBPiiJyR_HMtKZ4W0R-yQqmuVzfZ0,800
https://www.linkedin.com/in/ACwAABODZ70BBcVTxhOOJ2SNsExpmecvnyfUPDc,800
https://www.linkedin.com/in/ACwAAATuGW0B5GVwz-wsRnakqqq2wA6BYruPn28,800
https://www.linkedin.com/in/ACwAAAkNsnMBoa6JUWm6xQiRy6UoIw8sQMkQH7o,800
https://www.linkedin.com/in/ACwAAAWMNqkBT0qNATk7wIynRA5eIypdTi0JS5A,800
https://www.linkedin.com/in/ACwAAAClXmIBaI3ulD-zX-1Zsk-d_R1_CG7-3bA,825
https://www.linkedin.com/in/ACwAAAAE7jkBuJH_t1Gnd6rdqKbUpj8TnchpF-8,825
https://www.linkedin.com/in/ACwAAAxb6KQBczw91BYd_6bN7WEgU3hyDKOPW5Y,825
https://www.linkedin.com/in/ACwAAADkzJQBPPGflt3Z2B779qde0MAd3muzBc0,825
https://www.linkedin.com/in/ACwAABmCRFYBZp6LJ3oGPoaG_480Z96XmWzdQnU,825
https://www.linkedin.com/in/ACwAAAHexpEBsQBdzqOFWuQzuvaXUFHAiYPSKyE,825
https://www.linkedin.com/in/ACwAABDMeKMB7A_8eH_zwgCPsX3EDxu6b-ymGc4,825
https://www.linkedin.com/in/ACwAAA9S8_sBWsg3wpb6c5FxWVsvuN0B2cs2znM,825
https://www.linkedin.com/in/ACwAAAANwAAB6_F3d8qhD3HXnKORpajGkloT3yo,825
https://www.linkedin.com/in/ACwAABJVuFgBfbsEJJQSoVzbz4eZi0UbkFExdxU,825
https://www.linkedin.com/in/ACwAAATGspsBMUJgny7mb5zBvlYXSWLS0o89Ydk,825
https://www.linkedin.com/in/ACwAAASobDoBmYuYaGiBGNVOqec-15kgcb2QmsY,825
https://www.linkedin.com/in/ACwAAAAORxYBXSaJoRYHxttSnNmoq0k_tt0MpRM,825
https://www.linkedin.com/in/ACwAABd2618Bfj54tTKZt_3ezHzPYsPRF3jkKhM,825
https://www.linkedin.com/in/ACwAABubBX0B3p-In7PxR6Vr_oHXNNRIrBD3s1U,825
https://www.linkedin.com/in/ACwAABtpV4AB7YIVrlOdTFgMUL4fSqlG1nVhZwY,825
https://www.linkedin.com/in/ACwAAAKLabYBgkcVbLHD9GaAN4QOYIBNYBRZQbU,825
https://www.linkedin.com/in/ACwAAABGW9ABaRc06Tw65cq9g2WNOzf2O3Ezmis,825
https://www.linkedin.com/in/ACwAAAqRwr0BwWgXuYn93mayVg8g6U0gjyI78M4,825
https://www.linkedin.com/in/ACwAAAC24qsBMsqZHvoLT8ez0vfRQk5ZA-SVa7k,825
https://www.linkedin.com/in/ACwAABluDNYBfMsAMVv7cuSQOJzchMme7Rt2b0w,825
https://www.linkedin.com/in/ACwAACKuJe0Bm7bmApWB2_CDuXEiwkQ5Rajzono,825
https://www.linkedin.com/in/ACwAAAACPBIBzCNTu5QeJ5ZsANahxhlfUbCvlvU,825
https://www.linkedin.com/in/ACwAAAzUBX0BaFR0jBAJoXWQA_o89g0n51b9Cnk,825
https://www.linkedin.com/in/ACwAAAjbG-gBFEy1v_yZE2RJmzwpjpUverWSvog,825
https://www.linkedin.com/in/ACwAAACMu4cB2Oo2D9Dzusbjx7IozIUfqxmLYXg,850
https://www.linkedin.com/in/ACwAAAI5kccBsxJQ-dmP_R5HLtmOEUhryHA-lf4,850
https://www.linkedin.com/in/ACwAAAV2Dt8BPd-ngMy_i8FI-P0JsZWdZoLAcBA,850
https://www.linkedin.com/in/ACwAAAPAixQBIum-DLrzMBJR30FXQR_jQQ0OO5g,850
https://www.linkedin.com/in/ACwAAAW5o5gBu8bp2ITJV2TseED_rUO-KdLUawA,850
https://www.linkedin.com/in/ACwAABEk2g0B2kz7sFo_yODgMIP_tlsTWEp-e7M,850
https://www.linkedin.com/in/ACwAAArL7f0BWVuzUQH5YhOpWfHH7-BaZ1Nsykw,850
https://www.linkedin.com/in/ACwAAAAjsaIBISXIgZXF_SE6yrbytv_UCOwkqlw,850
https://www.linkedin.com/in/ACwAAB9D8wEBwzRmZ8QjdJY6j0JPWeVrg_DbIKU,850
https://www.linkedin.com/in/ACwAAAOUoUABhjXbYdKO4NtKfmsTPAUTE61u5sY,850
https://www.linkedin.com/in/ACwAABzIqbcBdDNz1V0Q0KbMdQLzLV1vm44mkzY,850
https://www.linkedin.com/in/ACwAAABPs_wBfKKlmY7ARhi_xYLSy91r0Iic-eM,850
https://www.linkedin.com/in/ACwAAAAHADsB7pPSLC9PBkyTYULoeuW156vxhhY,850
https://www.linkedin.com/in/ACwAACU_J6gBALMNB5mL2VESfrJ6gdrwNZS9h3M,850
https://www.linkedin.com/in/ACwAAAZKLhUBSibbR07GjnzB6aNfrAFnrNfq7gs,850
https://www.linkedin.com/in/ACwAAACCYKYBM7TNQegmM7rIyT3cAhty4_omFgI,850
https://www.linkedin.com/in/ACwAAA--ZjMBUP-YCUWSCveNjusz86Vm0fQ5Ih0,850
https://www.linkedin.com/in/ACwAAAolFU4BcB-Z8K_wbrRsfPea1cwSjInCyEk,850
https://www.linkedin.com/in/ACwAABVx2wEBurUqlWpTWXMCZhrwUAylK31jDzM,850
https://www.linkedin.com/in/ACwAABNeHUsBAoieQ5Pwbg0iO6W_ayoaUHZhOPk,850
https://www.linkedin.com/in/ACwAABLf8fQBsM47k6uM9HMWWaEH502D6kkp5pk,850
https://www.linkedin.com/in/ACwAAAlAzaMB5lL3Ne5G3IuU3xS-lRRq7gUcOIE,850
https://www.linkedin.com/in/ACwAAAlkhAUBIiHlmwXkAqf35SGeQ62HqixoPT8,850
https://www.linkedin.com/in/ACwAAADpWPABKqrwFb-Cg7tg0wlAa9nQhZq_DrU,850
https://www.linkedin.com/in/ACwAACPkyoUBGBO1b4JAfjyzFjm1YXf_vft83uc,850
https://www.linkedin.com/in/ACwAAAApbG4BsHox-39MAuBG3lkIkToGA9hnP2s,875
https://www.linkedin.com/in/ACwAAACFHrcBq6yHtymTeKE-OUMhi7G2vEki21s,875
https://www.linkedin.com/in/ACwAAAbT1GEB30dMse_-TYhhVPa0WMvqqw7P0aU,875
https://www.linkedin.com/in/ACwAACCu9B0BpPQHeESstvoaeY8sBzcT1tKdmm0,875
https://www.linkedin.com/in/ACwAABJ69fYBw5DbjrgX0d08CjBaF4aTJF4VZZQ,875
https://www.linkedin.com/in/ACwAAABeNnABa4XzdwCOMHYmGX0RoIg0goCHJRY,875
https://www.linkedin.com/in/ACwAAASNcjIBE9OOh2azaO7GKHu-hg9m4PBvz6s,875
https://www.linkedin.com/in/ACwAAAFum_sBoebTzUeNPxdVAqtb9GGT49y3SZw,875
https://www.linkedin.com/in/ACwAAC3V84MBPotMA2za7trtmX7qfzFH2FyWb_4,875
https://www.linkedin.com/in/ACwAAALpnT0Ba9YdgRkQFW4XCo67FZvrDUokuk8,875
https://www.linkedin.com/in/ACwAAAG8Pv8BWbQxdYuICGsHVGsuVwUdSO94fXA,875
https://www.linkedin.com/in/ACwAAADUr8gByMGPrxxJ7qyhLraW8TPgpr-WlnE,875
https://www.linkedin.com/in/ACwAAB6UCEABAAwUNHHia1gUizCLWP-asDrJmWY,875
https://www.linkedin.com/in/ACwAABkn_10BdFeDxltloJui9LL_jXpdhH70pto,875
https://www.linkedin.com/in/ACwAAA35l_sBkWm0jCOkyvPFhSBmm8I-SSfjZhc,875
https://www.linkedin.com/in/ACwAAAsfe_oB7QAg98gWiEm9-fobOXcSig6SUhg,875
https://www.linkedin.com/in/ACwAAASd5VwBK4fFZHiCSnmB4q30LtKznl6D4Gs,875
https://www.linkedin.com/in/ACwAABmnlXkB8DCGIopEme92PI4aVuFDTaGrubY,875
https://www.linkedin.com/in/ACwAAAM-ivoB3zgi7Z0EuLKQzom1A4HffNxOvq0,875
https://www.linkedin.com/in/ACwAAAwuyFEBWIZo1XE92aVWLlmkgKbqIIq3jl8,875
https://www.linkedin.com/in/ACwAAAFkG10BgWfpih3TN5eeV__U9cZWEJEHRKg,875
https://www.linkedin.com/in/ACwAAAtghFkBnygAs27_xRhHEIJHvOy8jKXtaG4,875
https://www.linkedin.com/in/ACwAAAsmhvQBZDyUSxpBPiQrwIjtvVmZfovDuzk,875
https://www.linkedin.com/in/ACwAAAQXe5wByQvG0kPCH2Z-vvT1p32m-vl2UU4,875
https://www.linkedin.com/in/ACwAAArMNp0Bc6qeh0N1B3bkafjUxdEQe75NJ7Y,875
https://www.linkedin.com/in/ACwAAAouoU4BK9d0AnpU7ms-Hk76ITEI1YNkOSQ,900
https://www.linkedin.com/in/ACwAAABy89gBcpBvVIDyt0yTx08DTPmAtnwWgPI,900
https://www.linkedin.com/in/ACwAAAMAfokBO7eNP7U_6hE9uo2EEYXkO4tyrGc,900
https://www.linkedin.com/in/ACwAABc4oToBKQM-P2He-JhM5Eb-wGCSmjbOHH0,900
https://www.linkedin.com/in/ACwAAAbzWS0BSpVclsXI1T0wlejjbFhAIUwN_dk,900
https://www.linkedin.com/in/ACwAAANrLkgBvSz5NTfxXM9t3cgAi05V_mdoY4U,900
https://www.linkedin.com/in/ACwAABWcpTgBPc1mRU11QN7Km_17E50ZLZFhXEQ,900
https://www.linkedin.com/in/ACwAAAEUO1MBlf17K5euLID6LK7kdNDLCXq-xu4,900
https://www.linkedin.com/in/ACwAAC094jMBdTwmkR5T_wUVH-E9d0fpkfVxbQ4,900
https://www.linkedin.com/in/ACwAABOwo3EBAfm-X_hjbFOtL_zLP4iiUjqwwOw,900
https://www.linkedin.com/in/ACwAAAMcQJQBU7Ee8BYwkBmNJvGGH4Im4gDd_Lc,900
https://www.linkedin.com/in/ACwAAAYKHcEBGH5cFLA5N6J6SGSMDh4GQOtjOCU,900
https://www.linkedin.com/in/ACwAAAKdXuQBrBAImbPAVibparHeP5vu8RGhRxc,900
https://www.linkedin.com/in/ACwAABnab9wBsPUPkk3SaglduSmjWt3j1xgdSlk,900
https://www.linkedin.com/in/ACwAAAFzjDoBZCBkNXePChBn3jXf0RpbZ9NcMuo,900
https://www.linkedin.com/in/ACwAAAj0cmoBUycT0cnHyhsynk0eCJQxTP8Sjo8,900
https://www.linkedin.com/in/ACwAABgUwBIBoWYoZo3hHUbIqtBY8BX4h2iDBkM,900
https://www.linkedin.com/in/ACwAABVKb1wBapH3pUfq16te1t8NR7WVn32T2NA,900
https://www.linkedin.com/in/ACwAAAFEfqABwJu8Yk1XS17qPnRhhEVUHm9bdec,900
https://www.linkedin.com/in/ACwAAACuZHQB5mGGakR8ZPMW3qIWdoqHaPqo1xc,900
https://www.linkedin.com/in/ACwAAAAXhS0Bwizq0iFvEDmxUlick2B3fM3w8nE,900
https://www.linkedin.com/in/ACwAAAhlTtEBDBd9O7D6l_RiZ_egQXDrps8wD_8,900
https://www.linkedin.com/in/ACwAAAWm6hYBLdMIbGVRAYCCuWurUDSBkV0fP88,900
https://www.linkedin.com/in/ACwAACb_y2MBYvm827q9Ez-oVlT2C9uDOIJCui4,900
https://www.linkedin.com/in/ACwAABzboTIBJVL7rheKsKAyZlisMLNTsMT_Ufc,900
https://www.linkedin.com/in/ACwAAAD67CoB_hxIhihbupnvyxoqkaEZ73zy3Ho,925
https://www.linkedin.com/in/ACwAABkVDLEBASOu86_01N1j65Sx6JRWpfu3XSU,925
https://www.linkedin.com/in/ACwAAB-etPkBttqUIp9lz0TOBSKZRbqNAMc7ocM,925
https://www.linkedin.com/in/ACwAACun6TgBe3vKRX8CDDsMibqw4h1O8lXIedA,925
https://www.linkedin.com/in/ACwAAAGwMWoB-VamCpHLDXfmqe-G5tC5Wnwyt94,925
https://www.linkedin.com/in/ACwAAAYodW8B3tRMSEBnWdazii7MxY398jXp2-M,925
https://www.linkedin.com/in/ACwAAAh21OIBa3DwKZULJL4yRJqMFYqW_79vHHs,925
https://www.linkedin.com/in/ACwAAAUsyCQB-DTfnwZyvWQIkgg2zDu3k7BVBG0,925
https://www.linkedin.com/in/ACwAAAS7S_kBryR6uTRTKB-W4uDHty89fSRJ5Xk,925
https://www.linkedin.com/in/ACwAABEDEuEBfg1m2DHwnyq6JGK9rYPhlfXIZU0,925
https://www.linkedin.com/in/ACwAAAACVcUBuhqOaSwPVi-w6IoHprBkWnJ5jpI,925
https://www.linkedin.com/in/ACwAAA1v2G4ByFxKRiKdzgGWWx0sB0xA47D5RAw,925
https://www.linkedin.com/in/ACwAAAELD1gBjctqMI71EuIUvmRe88RaUvsU2Ho,925
https://www.linkedin.com/in/ACwAADqq1KABKQnMUgdW3OTUMPbY_EpBp_ukC9A,925
https://www.linkedin.com/in/ACwAAAcGWVoBdRZXptIZvlfZdhT7GWsEQRwGMrU,925
https://www.linkedin.com/in/ACwAAA7hrOIB_ViknW-um11dAiXIwmUsmq-ttGM,925
https://www.linkedin.com/in/ACwAABKdLqQB7UtjCRVtkc037SJMaqXUwCOQEkA,925
https://www.linkedin.com/in/ACwAAAAoZMIBPnLF5KWxsZToVVPFrw18UjpQg_8,925
https://www.linkedin.com/in/ACwAACjtCFcBGLW9DVzpJRcSgq40wGqPb70JbW0,925
https://www.linkedin.com/in/ACwAABXCSgoB2riddqVE28KoULL_l6zFmCblvWU,925
https://www.linkedin.com/in/ACwAABynpjQBgmkninI3RA9uKhSHP7xORlhsFDg,925
https://www.linkedin.com/in/ACwAAAAXa7QB2ofrAXE2D0TgepVqfVEtvtgttoo,925
https://www.linkedin.com/in/ACwAAAwZ6uYBkpljyexdUvUSiQyhgSZF_It5_ZI,925
https://www.linkedin.com/in/ACwAAAP9DEMBGjuOWnnEyzyLZGCdpUg9P6WFce0,925
https://www.linkedin.com/in/ACwAAACM558ByWDorijoEZQ4ehPMXHctYIKIAE4,925
https://www.linkedin.com/in/ACwAAAoTZIEBiUdmCO-HScWuMRPUUgX7cQhyEcU,950
https://www.linkedin.com/in/ACwAABDzYV8Bj1GijlWB9_F7mDtFSdoxLi5XD-s,950
https://www.linkedin.com/in/ACwAAAafl9YBx3j-tTn23RjW_MLsddbLx6Ak0_4,950
https://www.linkedin.com/in/ACwAAAhLJjMBBGpRQrUysUb8YrfYb_PdeeVsy0w,950
https://www.linkedin.com/in/ACwAAAQcxN0Bcc_-zKdQU9gdv6IirBVvkJe_3xg,950
https://www.linkedin.com/in/ACwAAAS3V3EBLb4yfh5mVsVyz4KRXmfI9MRRMgg,950
https://www.linkedin.com/in/ACwAAAPpmU8BrdMbi4yuASb6G4-V2D4I8zLUY5E,950
https://www.linkedin.com/in/ACwAAAM5KfABprkszoMC5YJBFY_5xfvDfLfxYU4,950
https://www.linkedin.com/in/ACwAAAUWpiwBc8Vel-dwmr-J9cxWUR8_gqeShOw,950
https://www.linkedin.com/in/ACwAAD0QiB8Be5CrlY0u5OdxIlwUCRUkXqwVAXM,950
https://www.linkedin.com/in/ACwAAAQway8BaHYSM_8wUJXHt4qD3mRXpyqWYLU,950
https://www.linkedin.com/in/ACwAAB08TY8BRFucEPES0Mwe0LdW6vsRKLwrPR4,950
https://www.linkedin.com/in/ACwAAALmk4IBV5CTsRNeaaQCzj_elZqXqb2fM7w,950
https://www.linkedin.com/in/ACwAAANhGk4B2QYvADmndpZ-FhYqPWrVu2Slxxc,950
https://www.linkedin.com/in/ACwAAAQwU40BKd0JiQB13iPKCFLXkKnFWcvfC9o,950
https://www.linkedin.com/in/ACwAAApvam4BDNA1dTu5TmcmaQdfafBA02Tm_A8,950
https://www.linkedin.com/in/ACwAAAAhB_cBolAaa2m3axGQKuPvNtRSyubtGLE,950
https://www.linkedin.com/in/ACwAACriLNcBzZNXBOYaX8Y7nJFrlqDacYhEriQ,950
https://www.linkedin.com/in/ACwAAAe0epQBx5uxKrMckUToMZUoyb_dtKXwnBo,950
https://www.linkedin.com/in/ACwAAAc7oBYBJg7ItaJUNwPbsUGz3Shp-BcDpHU,950
https://www.linkedin.com/in/ACwAAAb6shcBhHr3l1uQM4VMdRqNn9TSTxDDklY,950
https://www.linkedin.com/in/ACwAAAOH_FsBWNgPwsF-i_ftrWrPHWYlkHIo9Fg,950
https://www.linkedin.com/in/ACwAAAdTcNkB8y9sjXFRF4vZ25FhtHtZ1mgDaBc,950
https://www.linkedin.com/in/ACwAACZUmAoBdWGtcPkxAbKVsWUAuk4yMzgAPq8,950
https://www.linkedin.com/in/ACwAAAh2zE4Bl_kMRB101OjtaAu6kiA9j627WsY,950
https://www.linkedin.com/in/ACwAAAgtV6gB8phi498I4xTlWJDnxovZ5kD2U9g,975
https://www.linkedin.com/in/ACwAAAaPP74BGgAtBhnKQK8rn7d0kJANFxyezZk,975
https://www.linkedin.com/in/ACwAAABTAjsBPQaf6H-vC1s6WxsWBiMyiSv-yc8,975
https://www.linkedin.com/in/ACwAAALAdwMBM9f5SJic6JBg_9HwX14gD2ABuWc,975
https://www.linkedin.com/in/ACwAAABHM2gBDYe-IVqsqVA1JRZWgNew-5wDRwo,975
https://www.linkedin.com/in/ACwAAAD0Rx0BT1csjuepcj7TLKCeFq4tb0-55bk,975
https://www.linkedin.com/in/ACwAAAP1XgsBoGYEd1k3MPfWdQabcLX1S-dhNFM,975
https://www.linkedin.com/in/ACwAAAkbSfYBRMjGLp4G7ODqxmWeI7_B7WJAVPc,975
https://www.linkedin.com/in/ACwAAALVSKcBFjzjU1enEa5QuJVmtXPifjh8B_w,975
https://www.linkedin.com/in/ACwAABP_ZagB2DIX2FZ_zvpYpR86pTLau5jmZ4I,975
https://www.linkedin.com/in/ACwAAACZYzIBSe1k3IvVMpO2u-yxppox_x8mnIY,975
https://www.linkedin.com/in/ACwAABcTH_4Bgvjok9Ea2j8VUg4owhlYx45BA8o,975
https://www.linkedin.com/in/ACwAAAGUWVQBnB7xe9Id5tQB2Vo84BPrp5XKoEI,975
https://www.linkedin.com/in/ACwAAABTcIgBjCBR7mbVXU_UYkzCL3YnG7S-HOo,975
https://www.linkedin.com/in/ACwAAAToEQwBhrERvISHCne7Wdi47VrKj7yOvOk,975
https://www.linkedin.com/in/ACwAAA_ql1wBwFd1d5wWdNZ5Rm_yfXcr95RQP0I,975
https://www.linkedin.com/in/ACwAAA6V5a4B_1J-mteoeRqMqzJGkQyizKyRDos,975
https://www.linkedin.com/in/ACwAABrJ0-sBdxBTOQZtaOJ0sLpbX9cmXEkt4NU,975
https://www.linkedin.com/in/ACwAAAAA7KwBHvIbPM-keI4c0hDG9D06SID-UBU,975
https://www.linkedin.com/in/ACwAAAVr6FIBJiDXS4aphIiSIqsX5ldd15ui7PA,975
https://www.linkedin.com/in/ACwAABH5ua4BUZvAeiodi_0nEeNwrxFlT1BDrY4,975
https://www.linkedin.com/in/ACwAAAAKK6oB0PnfZq5EJtRVYxQNcrP8bzpES58,975
https://www.linkedin.com/in/ACwAAAAD-QcBQTR9cG-Z8IsqKmSkRj7CGLa-Gpo,975
https://www.linkedin.com/in/ACwAAAvWomwBIrCe9PMBym2BO7LFqLqFgAYz5Ro,975
https://www.linkedin.com/in/ACwAAAW4jEgBysnjnROfdpQZTfgRwesNSELtmhU,975
https://www.linkedin.com/in/ACwAAAGoiCEBWLFF08P8MFN3aH2anoolH3_ONU8,1000
https://www.linkedin.com/in/ACwAABWcuoQB0iEpRctVIFOnamqx5viCByxmbmo,1000
https://www.linkedin.com/in/ACwAAB7u6FsBGLvQEnNHY9MWMWuaWUbmYfglhQE,1000
https://www.linkedin.com/in/ACwAAAFAKZ8BYaGMnPLFE_fIo06Q6Em5_ZpJcBA,1000
https://www.linkedin.com/in/ACwAAAa9JlcBiEYySmn_RVi6rzckGbIvbuCGpX4,1000
https://www.linkedin.com/in/ACwAAAUh6uwBt6BmgG1ZbthET9a6Vk-21hLBKsQ,1000
https://www.linkedin.com/in/ACwAAAfarOIBnckHGR2qb_LDLkF_vajmYh4JS8U,1000
https://www.linkedin.com/in/ACwAABf_76UBOYIM3RF3sKMyV848g0y-tPCdoHg,1000
https://www.linkedin.com/in/ACwAAAzSk4EBM03NDKXSXsGBFJuvhuL95xsCM70,1000
https://www.linkedin.com/in/ACwAAAVSU5cBAqDtPOrZyx9-H-_pBU1ul5Us574,1000
https://www.linkedin.com/in/ACwAAARygcoBnVw2dv8Ku6Tc45oQWzhlciqmCtU,1000
https://www.linkedin.com/in/ACwAABGOl7oB6mXeL5yL0STlvuHIihphs3dsUK4,1000
https://www.linkedin.com/in/ACwAACQahu0B3kYqYgdd_uhHF9ICPJ4sv2yqX6k,1000
https://www.linkedin.com/in/ACwAAAKUJHEBR2KnTf9lDvPBoYQqR4wIcnXrnHo,1000
https://www.linkedin.com/in/ACwAAA0dpKsBBaK_uwHYelt2_23sKIueIp0Zc1o,1000
https://www.linkedin.com/in/ACwAAAFPKjYBloRGKiq2tCn9VKfFWRUTAhLaevs,1000
https://www.linkedin.com/in/ACwAAAM1FQAB3DRA8BIJ9-rV8iyVUsP62x8jP-8,1000
https://www.linkedin.com/in/ACwAAAF-n-YBj-vYhWHZPWhbLRvbnTXqyeMuUeI,1000
https://www.linkedin.com/in/ACwAAADOJiMBAP5ESOb53xWG9URCsgEDKwQ7QOw,1000
https://www.linkedin.com/in/ACwAAAqk5M8ByvC-kj2pQWsGegA0sYGLiFMm1h0,1000
https://www.linkedin.com/in/ACwAAAAV4wkBmYvYFctJUfaBNO1eOLM6PM5M_H8,1000
https://www.linkedin.com/in/ACwAAAIwlq0BdElGEfETstPiMkRvrh-Uo8cbMJc,1000
https://www.linkedin.com/in/ACwAAABQCi8BPdR7YP50MzGGZAoxQxbdBuHT5gc,1000
https://www.linkedin.com/in/ACwAAAIJO9YBGKD_Z44bSPKImA65HhIFfuThk9M,1000
https://www.linkedin.com/in/ACwAAA3e0T0BO5WoSHlCXtP_jR926H47fFy8kbs,1000
https://www.linkedin.com/in/ACwAABo3boABzHyRHe2kOD0Vvu69AxdOpjz7LvQ,1025
https://www.linkedin.com/in/ACwAAAzmgNgBmZGocMrVKow3XsihXY53Aa56Tk4,1025
https://www.linkedin.com/in/ACwAAAASQLoBzyYEWTyKiuWk4EKqWTrVL45Xp-k,1025
https://www.linkedin.com/in/ACwAAAfsalMBZUc7wA2KNS3wFB6ylUKx0rdvERI,1025
https://www.linkedin.com/in/ACwAABHcM0wBdRXkxQJ-iK7WMGO0a0XF6LOlWts,1025
https://www.linkedin.com/in/ACwAAAB5anAB9077qhqXev4XQu9UTGB5xiaWRWY,1025
https://www.linkedin.com/in/ACwAAAhc9tQBxDnawB5KPeJWFYh_Xz9YtwdVZhk,1025
https://www.linkedin.com/in/ACwAAD8U3R4B6j13hYd8rRlFqfuPvUjZG1w-BCE,1025
https://www.linkedin.com/in/ACwAAAK7tmEBc4YeDsHxnjHOdVO9DlP4QPd_JWg,1025
https://www.linkedin.com/in/ACwAAAyF66QBl7_D9bHGUR4ZRnReiaU2-gAAy-o,1025
https://www.linkedin.com/in/ACwAAAkMkpsB0lBZVmOx18a_pHvwD7LurPTvUbw,1025
https://www.linkedin.com/in/ACwAAAYth2UBiTSn0X9bX4lNvE6yVlcdAlZKg3M,1025
https://www.linkedin.com/in/ACwAAAvTAK8BivBMKOgWm4ZJ98giKGGpRSuKA74,1025
https://www.linkedin.com/in/ACwAAADoED4BQMsT1GaezcbuDqiDpczq0glDshQ,1025
https://www.linkedin.com/in/ACwAAB5lqf8BFlFJI03HQuQoqIm1pG1hW1FgW5g,1025
https://www.linkedin.com/in/ACwAAAR1i2EBp5AW6z42eQZ2xYq96P-0DDDFFao,1025
https://www.linkedin.com/in/ACwAAAAfhtsBmoMzPWd-JZo3xCfVTZKjh8ZL9VY,1025
https://www.linkedin.com/in/ACwAAAf8Jd4BmoqRfDkMzGjYAsjnuw8RzWdTadk,1025
https://www.linkedin.com/in/ACwAAA9PE4MBG0ZgSEfNkLQlGq4-16T2pZ1R34Y,1025
https://www.linkedin.com/in/ACwAABCGNXkBGWpemejq-OpWvDX5sy47pwPnVss,1025
https://www.linkedin.com/in/ACwAAABAOLwBF1D_w3eAmh70JmzCpnysocp4cwI,1025
https://www.linkedin.com/in/ACwAAAPjHmgB9zrdkt72pKyQDzUza4msvgeVLEw,1025
https://www.linkedin.com/in/ACwAAA0VTMIBY3kefEIF9E56B0Gas5yjyiVOC3o,1025
https://www.linkedin.com/in/ACwAAAG1Gs0BpdU8qUrQiiVOgeGghbvoTUhDXrc,1025
https://www.linkedin.com/in/ACwAAAUWCkcBxQ8OJjgLMeAar9iK7WMVmzkA1Vg,1025
https://www.linkedin.com/in/ACwAAAZJgckBimcpENGtsJQ7rGH5koP1rvCQqsQ,1050
https://www.linkedin.com/in/ACwAAAgLSDUBdTaqJg71_frZtJv8pib9w4W3IFk,1050
https://www.linkedin.com/in/ACwAAACpy9sBtrMwCZoNUoqDJGue9nfs4GzH5tc,1050
https://www.linkedin.com/in/ACwAAA3UJ8MBChZb13lAB5jgFUE8Rr8skL083ms,1050
https://www.linkedin.com/in/ACwAAAE7qkAB_5cLd3CakNc8GcNZ4o_e5bLzEvs,1050
https://www.linkedin.com/in/ACwAAAWZKm8Bgt7bpmyyKYk2pQZWSOvMjzPPYz0,1050
https://www.linkedin.com/in/ACwAAA_w8ccB5olyTlPz7ohZRJisxVgTuW7rbHA,1050
https://www.linkedin.com/in/ACwAAAL4VFkBvl_lz1Fb8k6jLO7NH3_7Ox7IIG0,1050
https://www.linkedin.com/in/ACwAADqCuk0BkcxmjEghGvU8b_RjoE2j8AMgVpE,1050
https://www.linkedin.com/in/ACwAAAJOnKoBYcE2W7kbDM-KxtgnnF_fUMOolVo,1050
https://www.linkedin.com/in/ACwAAAXCU7sBR8iKsyK6pw_XVhePIR20NS9LTd0,1050
https://www.linkedin.com/in/ACwAAAADaZEBMFbp2xo7n_GcS52Y3hQwoYWS4yM,1050
https://www.linkedin.com/in/ACwAAAjS3AgBN-GGsHBG655gSUk3kl06vu37XWY,1050
https://www.linkedin.com/in/ACwAAB8BPaEB0nMfPej91Z8hH6dcXuGy2aZT8rw,1050
https://www.linkedin.com/in/ACwAACjVwYABJIfuiX_M07mhqaT1QWdRGr-0YAo,1050
https://www.linkedin.com/in/ACwAAAyDRFYBm-h2c2fgW-aDOV3EmUbeghtNpGo,1050
https://www.linkedin.com/in/ACwAABOlUtMB9eQcLajoJOF4RuM1KI64ik1ujqc,1050
https://www.linkedin.com/in/ACwAABk82F0BlbgxMDNHlYtgvBDUCdCjjk78yko,1050
https://www.linkedin.com/in/ACwAAAIlZHcBhIkUUfBreD-vzTScLbZj4TQzEfc,1050
https://www.linkedin.com/in/ACwAABSIw-EB2r1tLnAuZ-WE6ZmEOPsL_b-ISVc,1050
https://www.linkedin.com/in/ACwAAAoyeToB-Vq7JscS5e9pqrgfGqFn-fGXNeo,1050
https://www.linkedin.com/in/ACwAAAQ82EoBsRq45VIpxSe8nMrdSEW-R2vfz6E,1050
https://www.linkedin.com/in/ACwAAAKjydEBLipYnPeCUEQXFlKt_GZpFx4gch0,1050
https://www.linkedin.com/in/ACwAAAn5WHEBDs_w80I9UEMv39IkgxRUgPJuGJU,1050
https://www.linkedin.com/in/ACwAACPU9lYBhE7WpAa3y-8e10ejPcwrNbLUpbM,1050
https://www.linkedin.com/in/ACwAAAYyFG0BfoBEiBGT2RdwrHLprzjQhdVusf8,1075
https://www.linkedin.com/in/ACwAAAJdcukBjUxpKGivKztaAtaVewakjK6bE4c,1075
https://www.linkedin.com/in/ACwAAAAAOH4Bl7zPlzEJz6PiY-v7cXABfJwF20k,1075
https://www.linkedin.com/in/ACwAABeKLEMB9dObUstx7-w0VLSd1KOivi8sgQQ,1075
https://www.linkedin.com/in/ACwAAAJeJIYB0QScRQ2nguqOMMI_1ug4y3QG5x4,1075
https://www.linkedin.com/in/ACwAAACOAn4B7VpNpZy3R52lkYwHuCadhY5U370,1075
https://www.linkedin.com/in/ACwAAA8z05ABEVMIPaHJGGu3UTkqxpQHHxIHhhU,1075
https://www.linkedin.com/in/ACwAAAmUoZcBPEYUDnd5XPQvK2EzKalruhGgh3U,1075
https://www.linkedin.com/in/ACwAAADQAkkBNnhefaQoVcru4dU21JqCbvc2-e4,1075
https://www.linkedin.com/in/ACwAAARuIxoBZzyJrstBQZK7qUcTTDjf53GbKHM,1075
https://www.linkedin.com/in/ACwAAABTwnUBH3ad2ayeXLqRm83DJCOwLphppf0,1075
https://www.linkedin.com/in/ACwAAABnSPoBjGjKe9cUPS9Gue6XvGFMUAKIrgM,1075
https://www.linkedin.com/in/ACwAAAmAOlIBgsWTV-dsmVNwjK-N7pwLoopHEfs,1075
https://www.linkedin.com/in/ACwAAAqo8AYBTR-vO_EtkzFx7ogMi0Ua53RuWPs,1075
https://www.linkedin.com/in/ACwAAA9P0loB7X9434YKycTvUdzcwJWvoyrl7kQ,1075
https://www.linkedin.com/in/ACwAABeBTx0BuueNeuA2sjMDAxN7-y2tZCHyMOk,1075
https://www.linkedin.com/in/ACwAABfxUzoBxaKeYoSCcUQR2_RCjd_nnT_3m2I,1075
https://www.linkedin.com/in/ACwAABUl8E0B6P_ovUuCD0h9NZHPZufJ2hW9aP0,1075
https://www.linkedin.com/in/ACwAAAMDbuEBqSEB9SatH1glqgbJK7c6piAhEUM,1075
https://www.linkedin.com/in/ACwAAAUhxdkBAn9QSa97zQYHrmJ_IQHcX8sVh_0,1075
https://www.linkedin.com/in/ACwAAAvjJpMBWbIB1fHzaXGfF4Pilouv2DLgKw8,1075
https://www.linkedin.com/in/ACwAAAS_4aQBkBzoR0Yi6kLhFGtPnE4mTdll9TQ,1075
https://www.linkedin.com/in/ACwAAAAQXywB69dXU3SkBLPYKkE8yWOK2y7m2Ig,1075
https://www.linkedin.com/in/ACwAAAuNSGQBVEaK1yvS1vRdZ7G3_T91GGo92ic,1075
https://www.linkedin.com/in/ACwAABFO138B3tkuLNdCtH7T1TnpEmHKT8rvNTI,1075
https://www.linkedin.com/in/ACwAAADIxIABcU9IEF3jO5CLyGB_aatUWPGkSjg,1100
https://www.linkedin.com/in/ACwAAAE7qvoBB7XlI1GDFQuch6LSXbugeKqydDE,1100
https://www.linkedin.com/in/ACwAAB6Y6QIB-yyMa5st1ctah5hLA-F6SivsmuY,1100
https://www.linkedin.com/in/ACwAAAHmRIMBxiu40DWZ4Grb5-6wd7HrX96KN5g,1100
https://www.linkedin.com/in/ACwAAAZJ4kYBe9BNCt8H7-J3kKXQ-VN8XS7DbSo,1100
https://www.linkedin.com/in/ACwAAACJCNcBS6mP88U4Kpa_N4v2WtR-DR6DEa4,1100
https://www.linkedin.com/in/ACwAAAVQg8cBL26-eJNQeAOVxJwgD5c8didV2XE,1100
https://www.linkedin.com/in/ACwAAAGReOIBEExL3Zi9pX39xEcjyQGDoNNK8MI,1100
https://www.linkedin.com/in/ACwAABWlT6QBoOYjbmUpeu0VdZibT5VCGad1XoY,1100
https://www.linkedin.com/in/ACwAAASzz1QBvSTEpI8b-nCkoZGqSizmccZduVM,1100
https://www.linkedin.com/in/ACwAAAi5S5UB-8lZ7CMAi0jngw22_T7r23GORUw,1100
https://www.linkedin.com/in/ACwAAAW5wEIBBLRPBJutKYoOG0J7g_PmviVBBsU,1100
https://www.linkedin.com/in/ACwAAAS4SgQBXb1icJKxzY5bzSDVfI_CnIB5tSc,1100
https://www.linkedin.com/in/ACwAABFwK-oB7Nu9fqFcmEyN2owJxY0Uqm5V9LY,1100
https://www.linkedin.com/in/ACwAAAXxzFcBFFdzKRqqj2ZngFgWki4gxV6esxU,1100
https://www.linkedin.com/in/ACwAAARD5y8BWyhsPmi3HmtMBE0LtYUdt9GL4wc,1100
https://www.linkedin.com/in/ACwAAAUV_LMB2Hf240RhF_6eg1-L6ShpFJRx5Ok,1100
https://www.linkedin.com/in/ACwAAAApi3oB7XRGTbf6AzCA3vC0uDSeRmEp9OY,1100
https://www.linkedin.com/in/ACwAAAa43kYB7UsJNWAcxaetNYUWXZE8Nq0pZO0,1100
https://www.linkedin.com/in/ACwAAAzTMtgBdXIuezETWEjDbGKsXpeTCB9e94Y,1100
https://www.linkedin.com/in/ACwAAAz03sQBfC2GcpHQ8jGhDoEOlBFeGhH84E0,1100
https://www.linkedin.com/in/ACwAAACO8WgB54GHOW2mD9YX9AXLO09eXA8fIUU,1100
https://www.linkedin.com/in/ACwAAAvZyh4BU-ipkTROg2hzGUBM12wZYF7WRjA,1100
https://www.linkedin.com/in/ACwAABDCuZ8BwhxGya_AycfKlspN2RFQWsEXd98,1100
https://www.linkedin.com/in/ACwAAAYwBRQBkkF3fgVUqBdQX5jW4Fi_1Xy4j44,1100
https://www.linkedin.com/in/ACwAAAc-BFwBpTPa9c1_wU6ulJl3SfShVhzEYA0,1125
https://www.linkedin.com/in/ACwAAA5lI_IBg9OYrPf28H20V1HJmVx7bbHSurE,1125
https://www.linkedin.com/in/ACwAAAJ-rNYBelAQW5GCfNoP1pqRALofB81eH0k,1125
https://www.linkedin.com/in/ACwAAAengfgB7EseTLF-YKn6mghMXunOvaG3j5U,1125
https://www.linkedin.com/in/ACwAAANppXQBR60e4bBNob4jgnDnf4YiuCrNqyo,1125
https://www.linkedin.com/in/ACwAAC9Zyd8BY6xai6xcSud4iibwp5thDbjcndM,1125
https://www.linkedin.com/in/ACwAABWCCAUBFwzScU8vz1hcOZ6uT4EbpI42jEk,1125
https://www.linkedin.com/in/ACwAAApFinEBZl3vxi874H0sA3RVXDpJm7Na_Mk,1125
https://www.linkedin.com/in/ACwAAASlfHgBrPSXjsaKZ59VMg7tR6Z1OVos-A4,1125
https://www.linkedin.com/in/ACwAACaonKkB-1hOG9r0i4PI5eFKcEbqjqZR51Q,1125
https://www.linkedin.com/in/ACwAABFq5UsBtqyGwoQ5Vk3GigGcBrnJ5f5LVvs,1125
https://www.linkedin.com/in/ACwAAAZvSR8BWwOsX8_LiRhQSjGCLLhLRYsgqwM,1125
https://www.linkedin.com/in/ACwAAAOLGHYBPaphFVF7kx0I0QizPx022vVVn7c,1125
https://www.linkedin.com/in/ACwAAAxaSkEBQG2UN2Zbc5pH9U1V_VH6iTTaGJg,1125
https://www.linkedin.com/in/ACwAAAVhE70Bnv9qdj_MA9fB_DATiS36u2v9B3w,1125
https://www.linkedin.com/in/ACwAAAUynhQBKQ5-qFJks8kFM26VLKtXj5RgViw,1125
https://www.linkedin.com/in/ACwAABqlnF4BJ5knyC0kdcK-rGS6wI9GIBPqpVc,1125
https://www.linkedin.com/in/ACwAAABIM2YBMtGRy9ppxIVPH62ouWIcpH09iAk,1125
https://www.linkedin.com/in/ACwAAAiWVo0BoxmJEniN6F4wxYDD4m16Z11_BUo,1125
https://www.linkedin.com/in/ACwAAAE11O0BlwqleH0QE7K7depIWc7qsMaePVo,1125
https://www.linkedin.com/in/ACwAAAQm1rABrb3iyjob4Q83OtBGhxAwHWP86OM,1125
https://www.linkedin.com/in/ACwAAAJU_LYByv5dj2T3bCLupAwUWJc6wXxSVG8,1125
https://www.linkedin.com/in/ACwAAAF5_wIB-sMs2VDmMBtCHdZCJ8AzLz2ohEo,1125
https://www.linkedin.com/in/ACwAAAIIiy8BXm-unTKwIxI8nBy8v5oMYHajbYs,1125
https://www.linkedin.com/in/ACwAAA8lSywBk1tU8mh8KO41KvKTWTFkspobF4E,1125
https://www.linkedin.com/in/ACwAAAKQvxgBMv5IQ38EvV9Cf2aCxl-Pjq57hFE,1150
https://www.linkedin.com/in/ACwAAD4_zQYBv3WY1WL1E6IeIJf_jrB4rX_Gzb4,1150
https://www.linkedin.com/in/ACwAAAC9jEsBmNCEQE5fKGtyYFPo4-qCFb_yx0A,1150
https://www.linkedin.com/in/ACwAAAYmgOkBS6YPEH8wo9gCmuw2TqOyF8zXKIg,1150
https://www.linkedin.com/in/ACwAAAWrV_YB7yuU0osGUl_AgcfqvfgJ7q4pf-s,1150
https://www.linkedin.com/in/ACwAAAAVsC0B-eCjmp-zJDAm5gHsUezdhGCwcfA,1150
https://www.linkedin.com/in/ACwAAAAG9KkBjAJU64jGY5xbOiv9GDzCrYxihhg,1150
https://www.linkedin.com/in/ACwAAAKQNAcBaYyQe05eCxmtetJJjApThlkqUgY,1150
https://www.linkedin.com/in/ACwAAAh56xsBJPHOpu1jSJWkaJDpM4yB8lwuSf4,1150
https://www.linkedin.com/in/ACwAABKtcPYB1VkkOCvLjKNMWQW5c_A9tH2XYg0,1150
https://www.linkedin.com/in/ACwAAAGUQHIBdWD5YnYsUfQPdTtzfp_hNteKeDQ,1150
https://www.linkedin.com/in/ACwAAA8_YBoB5fARTiAuJRZZBmLJ4P3oXhYq10o,1150
https://www.linkedin.com/in/ACwAAAjLIcwBGydHwCqdzA0-5XWMOHQIG9__rLU,1150
https://www.linkedin.com/in/ACwAAADAL-QBt-BxlHo9gvYDh3ugu_ftXpHu0jo,1150
https://www.linkedin.com/in/ACwAAAEvGusBQEeSQ9LEHTUumhtvIM3YuZ3X6f8,1150
https://www.linkedin.com/in/ACwAAACxUxoBYa-M92MwipGHY8VVd_0oAxm_zS4,1150
https://www.linkedin.com/in/ACwAAAA14d8B-FjaXuyNFIoueIDwMuoFUFVjtLM,1150
https://www.linkedin.com/in/ACwAAAUSvDcBI78Mor07E2NRAwfZHiAZG6N0LAM,1150
https://www.linkedin.com/in/ACwAAAxvSA8B1yiuYatqawatQipBrMRAWyg0Cbk,1150
https://www.linkedin.com/in/ACwAAAGW1BABIQ9q5OqsZP3jBjz7UhAFhlj0bh4,1150
https://www.linkedin.com/in/ACwAABge_MwBA4zBaittVTTGnW1RjiSJfcL48Xo,1150
https://www.linkedin.com/in/ACwAABbxoJwB6GB3MpJlNRFi7wkgXgCAao0Alag,1150
https://www.linkedin.com/in/ACwAAASC9q4BIgskcExoRV0mqvA61GXO6E2Q0bM,1150
https://www.linkedin.com/in/ACwAAACuhkcB-cTmFTQYfpgHgpieRFegAUfhl2I,1150
https://www.linkedin.com/in/ACwAAAJSPBUB3VEmCxzUoRWGNvgpOYb43QhX0jc,1150
https://www.linkedin.com/in/ACwAAAGyCHoB_LgkpEKLXWjE2Npf8bvODZuqEU0,1175
https://www.linkedin.com/in/ACwAABi3o_UBuOkbe1ZVnPHrjBlfaLcU4wzyTI0,1175
https://www.linkedin.com/in/ACwAAAeEYRUBuk0tm62Plihiu9x36LmvshZT43E,1175
https://www.linkedin.com/in/ACwAAAJd7NIBxxE0i5hSCrbjwFoJcueXo_coTNY,1175
https://www.linkedin.com/in/ACwAAAaDCosBeawbkSC4GiH71x3N9MyOb79oXXw,1175
https://www.linkedin.com/in/ACwAAAddFkABVHjXCK_SKVfRBDghgeY8XG4sqhY,1175
https://www.linkedin.com/in/ACwAAAZzpGwBMl-c48sPq3ez7UurbQrCGzpJaZY,1175
https://www.linkedin.com/in/ACwAADB9BAEBF3YTk5gKvS5QYcu1vVSKRPRbJ-A,1175
https://www.linkedin.com/in/ACwAACDYAD0BdqpwSKA8D3R14ZV5il90x0dXdk8,1175
https://www.linkedin.com/in/ACwAACLCtS4BoBIXOXoNKz8W5lMPzpxYG1KT6ug,1175
https://www.linkedin.com/in/ACwAABwNLfEBhnUZxjB5hpYoyVuRCRWIy66S_Oo,1175
https://www.linkedin.com/in/ACwAAAW48D0Btdw9VRNyQJUwQRdNNkO19nIyEwk,1175
https://www.linkedin.com/in/ACwAABcEElcBcIN_ru6Sar51F8gfZQJm7pGoKe4,1175
https://www.linkedin.com/in/ACwAAAKSQXABTMv0UtZ3NUBuNi9xY9JDE9xxHf4,1175
https://www.linkedin.com/in/ACwAAAPBDn4BFmvXAZW4xp54LZu5B1k2Moaalko,1175
https://www.linkedin.com/in/ACwAABZ9js8B2Q5YvBFgzRq2Dvq-4I-Jd0eC9L8,1175
https://www.linkedin.com/in/ACwAAAH3NKIBddJoi0VImtCxVcd5MJk2mvVJcME,1175
https://www.linkedin.com/in/ACwAAAgjQjkBICGytZQ6pg2Yd7rk2LAu4NOZ_yk,1175
https://www.linkedin.com/in/ACwAAADXXaYBxRxoncQQ1b2L2lolr5JYqqdoCHY,1175
https://www.linkedin.com/in/ACwAABbeVIEBpPVdek3h049u7JMMHH9foQLjqPg,1175
https://www.linkedin.com/in/ACwAABW6yL4B7ZYMMwkOVwZ9ZGAMYLbM9Ov0398,1175
https://www.linkedin.com/in/ACwAAAGT3ssBt3YY-Kk9bch94q6XYGljUTw7XvU,1175
https://www.linkedin.com/in/ACwAAA1qDJ8B1EF-xAYq7b9ujSU1E8Vu6EbfJMA,1175
https://www.linkedin.com/in/ACwAABH0nJgBiuiGXeQsBYJeDfa0hWlScES4YUE,1175
https://www.linkedin.com/in/ACwAAARFgKcBt2DrPQmBfFobCdl5sCQgT7iOFmk,1175
https://www.linkedin.com/in/ACwAAA7ZJ4kBEO3hWC8UmaFlFQGNRa3qDPm-X1Y,1200
https://www.linkedin.com/in/ACwAAACI-g8BDC_uJklnPdvvtFTpZ0Wf77w3S_I,1200
https://www.linkedin.com/in/ACwAAAThH1QBiIgcKhBb6jUwCgURfkbJ1POWZfU,1200
https://www.linkedin.com/in/ACwAAAAS5YcBfisbblcKtrScJykoHZl9dK1EJAM,1200
https://www.linkedin.com/in/ACwAAAT4VioBCyYUQ1rvjmfDYDdGEpVFaJyyrGg,1200
https://www.linkedin.com/in/ACwAAARmSJgBy_-aIECvprUN1dRmpD-ZsDmmslI,1200
https://www.linkedin.com/in/ACwAAAkEx4UBXNUZaHifg-keRwbV4rj79v7mo8c,1200
https://www.linkedin.com/in/ACwAAAdqA3sBtgu-gD0euMr4R4aZbGPEjxmbqBw,1200
https://www.linkedin.com/in/ACwAAAan4SYB5seSnmtpod3sf5kPKlfejfMGs7w,1200
https://www.linkedin.com/in/ACwAAABcCvMBDLvcNyEI_YQN5wwDp1a3xtoqdqM,1200
https://www.linkedin.com/in/ACwAAADjiw8BSbhjhQnAdUD-b2NMmWEb5Vsh0Qw,1200
https://www.linkedin.com/in/ACwAAAwF3V8BghDZzrtR-9yi0mnpXglW_zwpd0M,1200
https://www.linkedin.com/in/ACwAAA62S4sBLAFrCaVQW-drfCR6FEnVEX-q0Lc,1200
https://www.linkedin.com/in/ACwAAABktoMBoRwlsJnaUeWcwSKhN6dE8PDpums,1200
https://www.linkedin.com/in/ACwAAAXJMSAB_ApOVDiSUaNgFm63ZZ3fSJ42ABg,1200
https://www.linkedin.com/in/ACwAADVz9asBVTKlAxS8TJR00oiS6TdTRFqYo88,1200
https://www.linkedin.com/in/ACwAAAXYJKcBlWZbn6EQiFcJ2gEzYLeoe4hjC-A,1200
https://www.linkedin.com/in/ACwAAAXQAOsB1p-NLWvAEf6ONrRjrvRjz0xz8dE,1200
https://www.linkedin.com/in/ACwAAAWsgvIBdYDyL45p2vU4aqf4dVMmg5fCeiw,1200
https://www.linkedin.com/in/ACwAAAexjekBUw1Wg_3Nl-8p31qLKzHpORcI1qY,1200
https://www.linkedin.com/in/ACwAAAr0te0BNfdvYWqNFkabFQzI_IqQWT5NqdM,1200
https://www.linkedin.com/in/ACwAAABjynQBR-NuTvj_oTxxH6iJaTZD5LHT3Yo,1200
https://www.linkedin.com/in/ACwAAANXTfkBzjkUvr5YtfaMjHMNybFUrXznPJ8,1200
https://www.linkedin.com/in/ACwAAAqwOkMBrPSgq1OGTnWho4qLNgeYAn3Tow8,1200
https://www.linkedin.com/in/ACwAABKzVRwBkiDNAS2sacfGnRSn9iciyXHDnZA,1200
https://www.linkedin.com/in/ACwAAAbOUhUBdS08m7ebFH-nh1ymwXnUp-MCLJM,75
https://www.linkedin.com/in/ACwAAASZAxoBluBh9k3tc_bSDQDPlqp3UL2WV8c,75
https://www.linkedin.com/in/ACwAAAqkhegBBO95ZOkpAeG2TPfwT_hw_gTBMNk,75
https://www.linkedin.com/in/ACwAAAAi2AsB4K7Z7anQ3iOdnN2Nmqso7Y1SsTk,75
https://www.linkedin.com/in/ACwAAALVPWkBXjdPf4-5EOIbA5DZSON0B7ch8YQ,75
https://www.linkedin.com/in/ACwAABUTxycBjLFhbLQx0m0DS5CdNTfWMUU4-oM,75
https://www.linkedin.com/in/ACwAAACcYpMBMYAxY8cI6orqeGQAiZKtzV_Zeig,75
https://www.linkedin.com/in/ACwAAAC_W5gBJVGIGg81p759csqWvTWnq0Eotig,75
https://www.linkedin.com/in/ACwAABnsXXkBmqKT0Mqxfe_J1coZ4-R7xHc9sc4,75
https://www.linkedin.com/in/ACwAAAsdkqYBrVzsV2-YER1H8XcZBL2m_F7x7Gw,75
https://www.linkedin.com/in/ACwAAACsvJkBbnBRvIoEvD7OVCMEDu52mPE-UKw,75
https://www.linkedin.com/in/ACwAAArcDW0BnHtzTFkxW5M-QvM2AKGoNYq6gZY,75
https://www.linkedin.com/in/ACwAAAGJj1ABoZne2yQxtVjqWlVzKWs6qgFG22Y,75
https://www.linkedin.com/in/ACwAAAWHZiYBLZ508-nC6aPAPipAQKet47bTwIQ,75
https://www.linkedin.com/in/ACwAAACydNABvfz31UOC9_W44hYideWlQNaq0oc,75
https://www.linkedin.com/in/ACwAAAc2PEgBtcRn-gYS7CVEiUsmuwcnKfZz22s,75
https://www.linkedin.com/in/ACwAAAbtwkUBrknsHolqfVYjmWSb_d0v3qiGXcc,75
https://www.linkedin.com/in/ACwAAAAAPt8ByK5xiiH3Z4jMLpb0PujHVHKH7Vg,75
https://www.linkedin.com/in/ACwAAAC8mcoBUFvByB41w6RTNIpaKOXbOqFA4ds,75
https://www.linkedin.com/in/ACwAABfoaxsBFAY8N0C9DIY-daBnwFOUP-ERtVo,75
https://www.linkedin.com/in/ACwAAAHTTXsB1og5xs6IEvRy7rLgWdNDFNEhJMo,75
https://www.linkedin.com/in/ACwAAAMdlTgBTZbcTYOQNpDwtvnTQo9pADRJIIg,75
https://www.linkedin.com/in/ACwAAATP3bABFeN6Fq_8Xsh0ZKctCQlWLaK1w5A,75
https://www.linkedin.com/in/ACwAAABhIBgBPB0zNy2J9k-jn3X3iNZ-xRax5Og,75
https://www.linkedin.com/in/ACwAABEustABQjH99y8N2zH4k6uFen00XX6U9ZY,75
